StepDistance(m),CumulativeDistance(km),Slope (deg),Lattitude,Longitude,wind speed,wind angle
5428.454894020579,5.42845489402057,-0.14355292710248913,-12.442441297193133,130.85334251203466,3.375,15.002669983321418
5536.800761556791,10.9652556555774,-0.03346110299801002,-12.436634873944332,130.8969461629993,3.375,134.999309394871
5654.017459851554,16.6192731154289,0.21237846376386185,-12.455940267003001,130.94199992747366,3.375,134.99833243350898
5558.048344530024,22.177321459959,0.009472905202289217,-12.472004354726401,130.98911484825732,3.375,134.9987313008253
5716.21101418703,27.893532474146,0.0890720388707946,-12.507333621443667,131.02304844247735,3.375,134.99677906984132
5749.945623182364,33.6434780973284,-0.06535338042773851,-12.5427388772868,131.059615321984,3.375,134.99716132499296
5856.302964057704,39.4997810613861,-0.1546305684836291,-12.5905306292409,131.07361632894336,3.375,134.9959616322643
5890.850102927683,45.3906311643137,0.2791020526625574,-12.643047701220269,131.07560341406463,3.375,134.99516736774666
5903.473200591451,51.2941043649052,0.03713273743968568,-12.6953888944366,131.08427892373467,3.375,134.99516198582864
5931.634997777588,57.2257393626828,-0.016627097583704138,-12.746866166220133,131.09586714883932,3.375,134.995091545961
5815.318377245,63.0410577399278,-0.021792960121297594,-12.792188003287533,131.11988618262737,3.375,134.995541527786
5887.197073392621,68.9282548133204,0.03159382008118726,-12.840495099270301,131.13587909957369,3.375,134.99591512699035
5820.245808535193,74.7485006218556,0.1408357617128104,-12.891590239712498,131.14045345130603,3.375,134.995412839607
5917.739364715502,80.6662399865711,0.27464893520502337,-12.941024404683498,131.1267683025163,3.375,134.9953532687747
5846.042376239836,86.5122823628109,-0.39977013734235695,-12.991642806823865,131.11888461093866,3.375,134.99547214021464
5884.533713028404,92.3968160758392,0.04957019674583766,-13.041739378304767,131.1155004625323,3.375,134.99537409508565
5890.269288838908,98.2870853646781,0.11461990048358538,-13.091912217681232,131.10753793667433,3.375,134.995487586396
5946.41308913987,104.233498453818,-0.1835566522179652,-13.144670282215666,131.10614540985267,3.375,134.99524731092532
5904.483703453651,110.137982157272,0.01134288392513244,-13.197097443933767,131.10143963644202,3.375,134.99504498255666
5766.124422131725,115.904106579403,-0.057423920828398214,-13.240637319516033,131.114618315374,3.375,134.99521220152135
5920.852762164088,121.824959341567,0.06752975272708138,-13.270801055982469,131.15706606329832,3.375,134.9967261765327
5915.507669497127,127.740467011064,-0.003485631975182058,-13.301169387493232,131.19963492572433,3.375,134.99685602173167
5849.199971359218,133.589666982423,0.13952106193842698,-13.349521192088503,131.21405841075966,3.375,134.99741368646102
5925.135476755473,139.514802459179,0.08481242374252972,-13.382368062410032,131.24958742410763,3.375,134.99521732062198
5906.442439718342,145.421244898897,-0.05980351276572639,-13.413715654076434,131.29342167057703,3.375,134.99735472302666
5879.445557685385,151.300690456582,0.1753151642790315,-13.456025241314466,131.32461489603466,3.375,134.99701682600633
5878.587922735349,157.179278379318,0.06102918899462716,-13.486461156883534,131.36414527896233,3.375,134.99592064138366
5911.4011011277025,163.090679480445,0.6030442671233563,-13.5242002868832,131.40042227740832,3.375,134.99755240824734
5843.972751225422,168.934652231671,-0.34323945565648867,-13.5632748187443,131.43560552984266,3.375,134.99630380356132
5714.222608729351,174.6488748404,0.5354516618114147,-13.574180362385603,131.47606595728502,3.375,134.99639838528066
5880.895344049586,180.52977018445,0.10884023446936414,-13.5958029171263,131.51164691437234,3.375,134.9981886644897
5859.721221246557,186.389491405696,0.28898518790800837,-13.6270452015639,131.55145126047535,3.375,134.998890396657
5883.5984371114355,192.273089842807,0.09210275437053714,-13.625780820538866,131.60289167501432,3.375,134.99701899551698
5868.3363504852805,198.141426193293,-0.31792541325966706,-13.6427716902025,131.65226217107102,3.375,134.99916035684868
5889.829372077638,204.03125556537,-0.023599568447375215,-13.677557123337131,131.68902490689297,3.4016666666666637,134.99966385103568
5936.028461872512,209.967284027242,0.09044234618776234,-13.723287002446165,131.71169440319935,3.4083333333333306,134.99760440069366
5835.96683484563,215.803250862088,-0.07425720397670585,-13.754553037841866,131.75489021684197,3.4083333333333306,134.9955911403613
5966.480208697463,221.769731070786,0.35045793702229994,-13.787389360783,131.79580599390033,3.4083333333333306,134.99639605451665
5714.6162459441175,227.484347316729,-0.37763198206109727,-13.820639994169996,131.83416891840238,3.4083333333333306,134.9977035592393
5867.552708775349,233.351900025505,-0.12066582317624941,-13.864775036558203,131.842134270341,3.4083333333333306,134.99625931160602
5941.545413619452,239.293445439124,-0.2950704218320246,-13.911654442579165,131.86235643803167,3.4083333333333306,134.99722285099637
5918.8565176201555,245.212301956744,0.02679519925706978,-13.951885628518266,131.89781858526268,3.4083333333333306,134.99559106587768
5942.4063332268815,251.154708289971,-0.17587792189297452,-13.9969417725751,131.92656559592132,3.4083333333333306,134.99596128076232
5852.324180517629,257.007032470489,0.008577951303797869,-14.04201397233123,131.95343805316332,3.4083333333333306,134.99608825923067
5800.991562586902,262.808024033075,0.0013297321688584974,-14.083236817840298,131.98380401453096,3.4083333333333306,134.99570645040498
5904.947393419301,268.712971426495,-0.07336128967226717,-14.131906333236566,131.99715510213366,3.4083333333333306,134.99616043793168
5855.8386632124175,274.568810089707,-0.13729022191414753,-14.176472984692968,132.02534409480532,3.4083333333333306,134.9962054297587
5933.153271474836,280.501963361182,0.46835014138340314,-14.223873161621766,132.04231714779036,3.4083333333333306,134.995398675257
5881.8617072593925,286.383825068441,0.03090644900899907,-14.268898020567534,132.06783431587468,3.4083333333333306,134.99595171605836
5856.964877512848,292.240789945955,0.042256181815806135,-14.30995939408,132.09845012399836,3.4083333333333306,134.99550040692833
5730.539800276022,297.97132974623,-0.3405409640993768,-14.348519205088202,132.13301896750133,3.4083333333333306,134.99599716107
5847.785040661248,303.819114786892,0.0031540289236823295,-14.383171652425569,132.16899115144466,3.4083333333333306,134.99628952459466
5738.291059087813,309.55740584598,-0.17824820067485067,-14.415407118808268,132.204515734085,3.4083333333333306,134.99640653192768
5762.233004624507,315.319638850604,-0.09748137977954484,-14.448631801624803,132.24339713467504,3.4083333333333306,134.996885623566
5786.375847288162,321.106014697892,0.038422031208107714,-14.472962764187033,132.288402493225,3.4083333333333306,134.997034962661
5929.922601968502,327.035937299861,0.14611981486438483,-14.489087419393332,132.33919486729567,4.132249999999996,134.99707782779333
5895.126123217826,332.931063423079,0.04748327161664853,-14.488056909637331,132.3479107807463,4.25833333333333,134.99713844401762
5891.842160379896,338.822905583459,0.15088565494294168,-14.481136427962667,132.38374889596435,4.25833333333333,134.99885191313967
5831.172445798129,344.654078029257,0.24378299628137676,-14.5111495429253,132.42419298173266,4.25833333333333,134.997993088126
5943.308734620425,350.597386763877,0.05962335369038653,-14.553375163618233,132.45239112167167,4.25833333333333,135.00247669626998
5960.08484803019,356.557471611907,0.16597285964068242,-14.578397992560603,132.500661274807,4.25833333333333,134.9987107654007
5960.329107891299,362.517800719799,-0.1665958917398149,-14.59663117378627,132.55206798251302,4.25833333333333,134.99601417069866
5918.939753961202,368.436740473761,0.0932769439646346,-14.624368266055498,132.59901581242966,4.25833333333333,134.99673091881567
5879.330858588116,374.316071332349,0.06563155554928847,-14.651404446006232,132.64627202252333,4.25833333333333,134.99816791536935
5893.6429991723835,380.209714331521,0.032049332588371136,-14.678661895215301,132.68646950961798,4.25833333333333,134.99784024472063
5957.347222981807,386.167061554502,-0.269736881148222,-14.696310162378932,132.73777317266632,4.25833333333333,134.99740757091396
5934.628662061437,392.101690216564,-0.11388822001901114,-14.711942115117429,132.79069781963335,4.25833333333333,134.9976925767737
5892.873185735734,397.9945634023,-0.021271110833131348,-14.739923149642697,132.83450029150234,4.25833333333333,134.99749972852666
5911.283206034053,403.905846608335,0.05003812206677447,-14.771298804596299,132.87670926369265,4.25833333333333,134.99844274047302
5889.353844520079,409.795200452856,-0.10226116012372503,-14.798789537813136,132.9202412027813,4.25833333333333,134.99865789178298
5837.110498110172,415.632310950966,-0.04142347246815497,-14.831873005424034,132.96076785857133,4.25833333333333,134.99676744717635
5898.017074433426,421.5303280254,-0.02681648047943686,-14.866096565622165,133.00098805216433,3.931258333333329,134.9973305831477
5922.607462861868,427.452935488262,-0.0660557445048107,-14.9004408765651,133.042555145778,3.59083333333333,134.99735770918534
5836.1779689666655,433.289113457229,0.2325712868140859,-14.941571892169899,133.0721322405037,3.59083333333333,134.99732974972468
5924.681004749929,439.21379446197903,-0.027831603276754636,-14.993663461620068,133.08149992523968,3.59083333333333,134.99661171757367
5925.366627839146,445.13916108982,-0.03862467413398802,-15.0455979596891,133.07976610690665,3.59083333333333,134.99681728708467
5878.22031969335,451.01738140951295,-0.11359313479062011,-15.097030977984465,133.07520615733466,3.59083333333333,134.99640847580199
5952.04230261213,456.969423712125,0.26924091329850797,-15.148633225556932,133.08488481751664,3.59083333333333,134.9951084531237
5992.025925812009,462.961449637938,0.027504987827052445,-15.199638807551967,133.102353122825,3.59083333333333,134.99508305278937
5950.4444415490325,468.911894079487,0.046140822793169785,-15.251058097224234,133.11788419878334,3.59083333333333,134.99532698165868
5955.678911338808,474.867572990826,0.023783707739010826,-15.299955905448932,133.13968833542933,3.59083333333333,134.99518278064298
5982.671445340557,480.850244436166,-0.05382526342679782,-15.350442976447733,133.15795985143734,3.59083333333333,134.99520626408102
5963.961106667098,486.814205542834,0.054624776579794934,-15.401716311215301,133.17472060521098,3.59083333333333,134.9951842530923
5981.123259088396,492.795328801922,0.06283188561298354,-15.453831328656333,133.18787730790265,3.59083333333333,134.99534441640165
5983.251406933674,498.778580208856,0.020528061821729417,-15.506537956953471,133.19881145911134,3.59083333333333,134.99530230419631
5887.465173461364,504.666045382317,-0.027100856106091854,-15.558715242231035,133.21095439812765,3.59083333333333,134.995121898932
5956.512493955394,510.622557876272,-0.06567428075318273,-15.605859691462465,133.23483877472435,3.59083333333333,134.99511802717436
5978.788933313941,516.601346809586,0.007929163266772017,-15.645883969797703,133.27164575839532,3.59083333333333,134.995020825567
5835.619889152981,522.436966698739,0.01827879564904994,-15.686394491910566,133.3063304009963,3.59083333333333,134.99499054875898
5938.995079108285,528.375961777847,0.02543763331274438,-15.721010431396998,133.34550397554733,3.45395972222222,134.99545345663398
5939.05984995132,534.315021627799,-0.024941769575242648,-15.7628853865571,133.37513325076065,3.350000000000001,134.99611336249635
5924.033514385801,540.239055142186,0.07058254079665112,-15.814422925060635,133.38455980548335,3.350000000000001,134.99613620585967
5900.8520366268,546.139907178811,-0.03304386572161394,-15.863148282763564,133.405475792687,3.350000000000001,134.99665089871434
5844.633989894964,551.984541168705,0.06770322374219491,-15.911098982377268,133.42470621498066,3.350000000000001,134.99663702770033
5920.128844886178,557.904670013591,-0.004478567814193097,-15.9622342006425,133.43430095621898,3.350000000000001,134.99529840198102
5778.064691669195,563.68273470526,0.008903872053606795,-16.00892887042093,133.419128567575,3.350000000000001,134.99540190377468
5886.557530149564,569.56929223541,0.030256706650632237,-16.057408319676536,133.42417788485335,3.350000000000001,134.99544489520164
5936.709644061846,575.506001879471,0.05197569301016182,-16.108129578809333,133.43072113696834,3.350000000000001,134.99563052288767
5925.54010186344,581.431541981334,0.01529884395290965,-16.1611963933474,133.42807751361133,3.350000000000001,134.99504059670798
5915.469190273808,587.347011171607,0.02049407336913042,-16.21367926210247,133.4234076504923,2.6829074074074035,134.99609198710334
5956.579741711301,593.303590913318,0.06552183417068586,-16.257953768113566,133.39745937597598,2.4444444444444398,134.995554127419
5896.061592490079,599.199652505808,0.096982075426713,-16.308781650899096,133.38463749747768,2.4444444444444398,134.99509534796533
5958.312992285383,605.157965498092,0.1535229865841533,-16.36174716915057,133.38044951994834,2.4444444444444398,134.99502241270432
5935.477472353234,611.093442970446,0.14205665979331242,-16.415069984856636,133.37898824487968,2.4444444444444398,134.99517927849732
5879.333255599003,616.972776226047,0.1776471860759405,-16.466616883635567,133.38702161877697,2.4444444444444398,134.99593237976035
5990.2376138358995,622.963013839882,0.04669909167823677,-16.5168252024289,133.37232461552202,2.4444444444444398,134.99517361840668
5931.4899490064145,628.894503788888,-0.056756901037054795,-16.566921720449965,133.35627869213,2.4444444444444398,134.994967896873
5928.869498369606,634.823373287258,-0.18376423727895502,-16.618065522763867,133.36744422248734,2.4444444444444398,134.99499577842735
5952.556066359656,640.775929353618,-0.17997873241542642,-16.662298812734267,133.39806227759465,2.4444444444444398,134.99532824577298
5990.653326058226,646.766582679678,-0.03059487785982122,-16.7108534257875,133.41819877127534,2.4444444444444398,134.99532452160398
5972.0975072471965,652.738680186925,0.10297714790686445,-16.763859872823105,133.42790954079265,2.3492847222222197,134.99531150877235
5977.38630990205,658.716066496829,-0.05828603099685502,-16.817205851577498,133.4286369402743,2.14861111111111,134.99517274180698
5943.932030534084,664.659998527362,0.16574426069953657,-16.870877017384064,133.42554549425796,2.14861111111111,134.99594681474434
5942.301954379511,670.602300481742,-0.10001846536624374,-16.92398459081713,133.42428291906666,2.14861111111111,134.99532596060934
5984.073285746986,676.586373767489,0.03034173469672277,-16.977053624144403,133.43210784592932,2.14861111111111,134.99496512642236
5982.321470876096,682.568695238365,-0.024390998159656133,-17.030101952108666,133.44119884071364,2.14861111111111,134.9949737227313
5995.8494816491475,688.564544720014,-0.09058317390864186,-17.08328358020744,133.450346665167,2.14861111111111,134.99490487390233
5988.203415238794,694.552748135253,-0.08456539669674625,-17.136441418159798,133.45949125241768,2.14861111111111,134.99508520007765
5918.473042639381,700.471221177892,-0.052752148791623654,-17.189555668422198,133.4683870270853,2.14861111111111,134.994943380115
5903.225762023969,706.374446939916,-0.09882252649838497,-17.240548097728563,133.4615843159583,2.14861111111111,134.994958756402
5961.9601902455415,712.336407130161,0.2707476286877621,-17.291856558823433,133.44748392963768,2.14861111111111,134.99493962160966
5900.045159448024,718.23645228961,-0.08179942828828948,-17.344824144774332,133.43989144402232,2.14861111111111,134.9949421682367
5954.324938856716,724.190777228468,0.13413864682168558,-17.395683437208536,133.4486812684843,2.14861111111111,134.99491957862134
5991.98725581117,730.182764484281,0.02231722734761404,-17.4429099564199,133.47557580086732,2.14861111111111,134.995335932978
5995.483336131703,736.178247820414,-0.18498983355130752,-17.489983041706367,133.50311101353765,2.14861111111111,134.99522159463868
5861.096463689034,742.039344284102,-0.030463934729291754,-17.5363198569683,133.53108629873333,2.14861111111111,134.994966946385
5861.128738008097,747.90047302211,0.007659129744629959,-17.571409902966334,133.57008980736,2.14861111111111,134.9952975771153
5968.978920717197,753.869451942826,0.24791056374301823,-17.61361523890457,133.60258757760536,2.14861111111111,134.99554085722335
5959.60348582109,759.829055428648,0.08463130234839003,-17.6645137171332,133.61983024280835,2.1727708333333333,134.995512303794
5976.54623683645,765.805601665485,0.0316893994434004,-17.71679756884057,133.63216232571466,2.4444444444444398,134.99552520135833
5938.686792565068,771.74428845805,-0.3398521020652414,-17.76635515375663,133.6511014756977,2.4444444444444398,134.996891808098
5978.488753760997,777.722777211811,0.0788146565934671,-17.813789247916866,133.67437434539067,2.4444444444444398,134.99626721619003
5966.929759165458,783.689706970977,0.3265781427507746,-17.865223274403164,133.69071314308735,2.4444444444444398,134.99520020523167
5960.521694158552,789.650228665136,-0.1451309299794461,-17.915370756701,133.70977433643333,2.4444444444444398,134.99508093335567
5929.463443488376,795.579692108626,0.18839542258972175,-17.968184209028998,133.71285355355533,2.4444444444444398,134.99507657376932
5979.690275508805,801.559382384136,0.036978330004607235,-18.02147274592187,133.71155695636534,2.4444444444444398,134.995823177752
5988.077706417804,807.547460090553,0.06614888596837813,-18.0748800295199,133.71764501779603,2.4444444444444398,134.99508841571637
5967.154518161354,813.514614608714,0.07028014214584563,-18.128244065915965,133.72432890326067,2.4444444444444398,134.99529233738335
5952.300968460799,819.466915577173,0.05477889653781613,-18.181339036515602,133.72515899170497,2.4444444444444398,134.995079683079
5909.930619944305,825.376846197117,-0.2589707661285239,-18.229991192578964,133.74330873374336,2.4444444444444398,134.995027383521
5966.005193575087,831.342851390692,0.010226442630628151,-18.274926131880665,133.772341102059,2.4444444444444398,134.99492967256967
5947.898194596679,837.290749585289,-0.054024912151224305,-18.322559547412766,133.79806628816834,2.4444444444444398,134.99490503455365
5819.175458142101,843.109925043432,0.4975400111192297,-18.365288778164533,133.82915683496898,2.4444444444444398,134.9950469169217
5919.533889066435,849.029458932499,0.006351496923087364,-18.413354027754668,133.84938701785632,2.4444444444444398,134.99508418299501
5724.0133280436075,854.753472260544,0.10795130595026232,-18.462404387777934,133.86293427006365,2.486666666666663,134.99607678363867
5866.872400855735,860.620344661399,-0.270459023692104,-18.509617400379934,133.8805366703973,2.972222222222221,134.99540959717996
5906.243774847614,866.526588436247,0.10789985878044556,-18.555611360163333,133.90800126047034,2.972222222222221,134.9956928937827
5962.1413371106555,872.488729773358,-0.0565742334197492,-18.602968140435564,133.93321279195501,2.972222222222221,134.99619737282765
5987.689997832327,878.476419771189,-0.026945063037322137,-18.6516483206523,133.95715830650568,2.972222222222221,134.99520370644834
5972.814694675355,884.449234465866,0.16224039816415195,-18.70022468608227,133.98148177443363,2.972222222222221,134.995824128636
5912.235394685949,890.361469860552,-0.1648999956209823,-18.74690364296953,134.00786113554335,2.972222222222221,134.995835409575
5890.024415448999,896.251494276,-0.0579803325725051,-18.791800089818533,134.03348712720066,2.972222222222221,134.99568376946334
5948.930042712653,902.200424318713,-0.01679160246187249,-18.8079310651922,134.07445090609437,2.972222222222221,134.99542751311535
5964.289944257016,908.16471426297,0.20211215279011316,-18.828410027167934,134.118686175941,2.972222222222221,134.99538919731165
5948.539532708515,914.113253795678,-0.3006632669799584,-18.82053269389987,134.096566378764,2.972222222222221,134.995414167374
5918.51592509667,920.031769720774,0.15825943609358548,-18.807145484429128,134.052731466825,2.972222222222221,134.99593636627395
5978.269251843736,926.010038972617,-0.01169451409255053,-18.847251187094933,134.060862469405,2.972222222222221,134.995392460573
5914.468078683069,931.9245070513,0.23457614276732802,-18.892718354431302,134.089504561215,2.972222222222221,134.99933550640634
5861.520379730996,937.78602743103,0.13287953387430823,-18.932112521947833,134.12030229874065,2.972222222222221,134.99870249897768
5864.499170944708,943.650526601974,-0.36752724924692315,-18.979951289839065,134.13880214234166,2.972222222222221,135.00133856716036
5876.086637137298,949.526613239111,0.0833270540603733,-19.029464681842537,134.14481522322265,2.972222222222221,135.000445336909
5817.908951532056,955.344522190642,0.12869406628500413,-19.076859690769766,134.168075973138,2.972222222222221,134.9954713723437
5871.8501292864885,961.216372319928,-0.1961311466734133,-19.126591891450534,134.1697268916037,2.972222222222221,134.99573957385235
5935.21272111923,967.151585041048,0.08706807703645292,-19.1793837272113,134.167135053734,4.555265555555554,134.99633113697968
5929.540966198658,973.081126007246,0.04627843917728292,-19.231829090535133,134.17615427538567,5.15072222222222,134.99576505468067
5964.5107854324,979.045636792679,-0.16317527392572484,-19.284552111496403,134.18451809769735,5.15072222222222,134.99539990243366
5977.704667084634,985.023341459763,0.12304544763925161,-19.337789007067432,134.19115688582934,5.15072222222222,134.99575623082433
5974.231777316744,990.997573237079,0.14761872156059183,-19.390918079576533,134.19985812518098,5.15072222222222,134.99545933336066
5888.874683304238,996.886447920384,0.07916678048279552,-19.4435173367248,134.20864633598867,5.15072222222222,134.99509167132035
5979.510238962898,1002.86595815935,0.13581675935643178,-19.496371339363566,134.21723251225268,5.15072222222222,134.99510814822935
5900.725188276108,1008.76668334762,-0.014150726627917972,-19.548533202938234,134.22252699906733,5.15072222222222,134.99509479895733
5854.04561183198,1014.62072895945,0.35726724547877325,-19.5917317715681,134.199273584568,5.15072222222222,134.99497646886502
5747.806615120164,1020.36853557457,-0.2960788301329271,-19.642426071112666,134.19025704081,5.15072222222222,134.99496990049698
5850.528989378998,1026.21906456396,-0.10438430438234472,-19.69172490232173,134.180597935852,5.15072222222222,134.99502700938203
5916.790020948652,1032.1358545849,-0.14658518433148993,-19.742315065327567,134.19211282191,5.15072222222222,134.99512481031567
5989.192031974427,1038.12504661688,0.013914965662283077,-19.7954679104115,134.19751370635132,5.15072222222222,134.99495015507165
5995.857461272196,1044.12090407815,0.051977111608948266,-19.849176986119897,134.20265028356536,5.15072222222222,134.996225689437
5974.578593184242,1050.09548267133,0.11505464249508793,-19.902746437219534,134.20780325466336,5.15072222222222,134.99533246026766
5930.565988606913,1056.02604865994,0.015772246163898475,-19.956176003136935,134.21318358649967,5.15072222222222,134.99558011691764
5927.394368977044,1061.95344302892,0.10359924652467177,-20.008769580168597,134.2164604042767,5.15072222222222,134.995533063482
5931.980605042532,1067.88542363396,0.11859557268110904,-20.05933238028027,134.208456492579,5.15072222222222,134.995192235097
5966.636309548609,1073.85205994351,0.12299006444160021,-20.111438122158035,134.21948088530368,5.15072222222222,134.99488107427166
5984.371656751484,1079.83643160026,-0.09295811242518645,-20.165096516421404,134.22117168077534,5.15072222222222,134.994889005855
5971.822630671968,1085.80825423094,-0.11974631251936523,-20.2188164093078,134.22183429744433,5.15072222222222,134.99491566657534
5954.082288118154,1091.76233651905,-0.09368488841018571,-20.272219254692967,134.22729630519268,5.15072222222222,134.995033831832
5955.125708058033,1097.71746222711,0.04455656169787664,-20.325393911525733,134.23357709909402,5.15072222222222,134.99519710445134
5979.282901293596,1103.6967451284,-0.024010517575701114,-20.37860235824523,134.240272267339,5.15072222222222,134.99518457224266
5960.742631477102,1109.65748775988,0.1129077090390526,-20.4319490661643,134.24693791795332,5.15072222222222,134.995015103916
5877.732654088686,1115.53522041397,0.18111062905858463,-20.484607851893532,134.252988909707,5.15072222222222,134.99489491823
5851.68000667221,1121.38690042064,0.28651878116688917,-20.531157384011635,134.27027913181163,5.15072222222222,134.99492792971932
5750.234722030749,1127.13713514268,-0.3392100588688432,-20.573799088142,134.25289496528433,5.15072222222222,134.994966173579
5856.876826645606,1132.99401196932,-0.1821551223845752,-20.616360762111334,134.22450570086366,5.15072222222222,134.99502946246233
5946.044707818031,1138.94005667714,-0.04454954664803522,-20.666340642291534,134.22825866464905,5.15072222222222,134.99493813994965
5956.045688717043,1144.89610236586,0.030024083533936256,-20.718979080170595,134.239220524503,5.15072222222222,134.994986895643
5876.579199765707,1150.77268156562,-0.012466003150443803,-20.77130782231693,134.241218312938,5.15072222222222,134.99529291360767
5958.001990457435,1156.73068355608,0.03640331986462712,-20.824081605526533,134.2396070291553,5.15072222222222,134.99575133291268
5999.950131134236,1162.73063368722,0.09898958128263415,-20.876698237544968,134.23166537710068,5.15072222222222,134.99643657723834
5997.883063023936,1168.72851675024,0.07990782614481397,-20.928887636282766,134.21701458711766,5.15072222222222,134.99606941335034
5952.853144113377,1174.68136989435,0.07388338864779438,-20.980727967289102,134.20238056959667,5.15072222222222,134.99523718286866
5987.881568385589,1180.66925146274,0.0786636822318619,-21.03271659254583,134.18753304520467,5.15072222222222,134.99502110108767
5996.325994959525,1186.66557745769,0.09533670871390403,-21.084849127592932,134.17291164510766,5.15072222222222,134.9951589815357
5989.816328692327,1192.65539378639,0.09060204954421323,-21.136908957352933,134.15793887766435,5.15072222222222,134.99504686130166
5979.1562298226345,1198.63455001621,0.09093072901659194,-21.189018135719664,134.143286179701,5.15072222222222,134.99505386824598
5921.827205162246,1204.55637722137,0.0727790968609154,-21.237523291861866,134.12127274777734,5.15072222222222,134.995024516077
5996.447779253928,1210.55282500062,0.0881450177236498,-21.275903760608934,134.0817500908487,5.15072222222222,134.99513821735732
5937.828535570317,1216.4906535362,0.06281860278026957,-21.31326805361963,134.040563153315,5.15072222222222,134.99504944068832
5982.524597669255,1222.47317813386,0.10231708625611673,-21.352913324669,134.001691855544,5.15072222222222,134.995036716968
5974.498559891379,1228.44767669375,0.3105155485916339,-21.392688492703602,133.96275283900198,5.15072222222222,134.99504584387935
5971.663693072385,1234.41934038683,0.0003790484128380276,-21.437615263806833,133.93331727571464,5.15072222222222,134.995029100217
5956.569681678126,1240.3759100685,0.11109510368966767,-21.4879821490179,133.91290269146666,5.15072222222222,134.99544490320469
5723.9544429422,1246.09986451144,0.16972022655746052,-21.52921347745154,133.884343232323,5.15072222222222,134.99651115650767
5851.643835352388,1251.95150834679,0.0436323304262444,-21.552629062930738,133.83867592207335,5.15072222222222,134.99648851529065
5854.795177509467,1257.8063035243,-0.19202219211549948,-21.5812096309125,133.79186862779835,5.15072222222222,134.99621039672334
5921.037572913835,1263.72734109721,0.2224141303290905,-21.615415684812366,133.75012970448034,5.15072222222222,134.99622291733667
5956.989145131773,1269.68433024235,-0.37353277431480403,-21.663192699432333,133.747152116957,5.15072222222222,134.995767699567
5900.126619165804,1275.58445686151,-0.10265531747083406,-21.71353068210867,133.74916465319728,5.15072222222222,134.99517508746465
5927.5418653951,1281.51199872691,-0.01328430379097336,-21.74612408404657,133.70721169296633,5.15072222222222,134.99589418151336
5913.959265754856,1287.42595799267,0.03928139942597766,-21.78692562280603,133.67561411504968,5.15072222222222,134.99846591019733
5995.793086808674,1293.42175107947,0.07681277072844235,-21.831949699048067,133.64662498847233,5.15072222222222,134.99707361336067
5970.264594057104,1299.39201567353,0.1005409876650591,-21.87211300989407,133.60801935827965,5.15072222222222,134.99729053029634
5974.887206058842,1305.36690287959,0.06102915936579142,-21.907806194758233,133.56500110560668,3.7591950000000005,134.99580962548566
5974.108732932204,1311.34101161252,0.08753934537020079,-21.942249982136996,133.52054399671067,2.6805555555555602,134.99503715989266
5935.3039486910875,1317.27631556121,0.08976616241070019,-21.98027490705893,133.48099126316936,2.6805555555555602,134.9965513098317
5923.056740236203,1323.19937230145,0.10717341550745517,-22.028904209044534,133.45962516184133,2.6805555555555602,134.99695174368333
5942.200338029599,1329.14157263948,0.065045924557036,-22.077128053596002,133.43562609461702,2.6805555555555602,134.99543800563498
5853.435718139196,1334.99500835762,0.10149772709435163,-22.125547521106068,133.42055525334436,2.6805555555555602,134.99612984041102
5910.508276899383,1340.90551663452,0.1235471125227252,-22.17335089427993,133.43056085176903,2.6805555555555602,134.99646127410165
5959.306833570046,1346.86482346809,0.08081029450606086,-22.22673292376043,133.42604946754034,2.6805555555555602,134.99674678917864
5971.140644531772,1352.83596411263,0.1205686704496187,-22.279674347885635,133.41879339086265,2.6805555555555602,134.996731598515
5993.128361419394,1358.82909247404,0.08596038798121079,-22.330398471094306,133.39979043398964,2.6805555555555602,134.99579480778732
5994.331532098271,1364.82342400614,0.10185898979037877,-22.3809304160198,133.379512122303,2.6805555555555602,134.99520308061764
5986.066857853584,1370.80949086399,0.06246185082860861,-22.431432306947396,133.35930803536868,2.6805555555555602,134.99564895597732
5955.511410081212,1376.76500227407,0.17503831773244724,-22.482017071011832,133.33952130465002,2.6805555555555602,134.99581296280496
5974.536581713212,1382.73953885578,0.14157538371922698,-22.53433358930863,133.329638905974,2.6805555555555602,134.99513709226838
5966.271807767918,1388.70581066355,0.013954943999524329,-22.586577881470802,133.33882765505268,2.6805555555555602,134.994956651022
5948.813334544294,1394.6546239981,0.13579258949045142,-22.6385061629614,133.34999332242103,2.6805555555555602,134.99511206536965
5986.9447688175305,1400.64156876692,-0.022258585273824856,-22.688689574732102,133.37023526772333,2.6805555555555602,134.99518158162599
5991.2890504867455,1406.6328578174,-0.10916547246889287,-22.738807557467698,133.391656894142,2.6805555555555602,134.995189820474
5925.97494726693,1412.55883276467,0.11414716223995244,-22.788910365222065,133.412818198173,2.6805555555555602,134.99520065860935
5977.093864747156,1418.53592662941,-0.004073801374344737,-22.8337281776589,133.44243178386702,2.6805555555555602,134.99523343078633
5995.83528747843,1424.53176191689,-0.13641845185391177,-22.875935531476298,133.47880360025934,2.6805555555555602,134.994987028271
5875.128322208544,1430.4068902391,-0.08031433614252247,-22.918145157660266,133.51511256447333,2.6805555555555602,134.99511742186198
5969.138157856218,1436.37602839695,0.07443310048526308,-22.959068010167496,133.55110738375402,2.6805555555555602,134.9951829082543
5988.532828459398,1442.36456122541,0.13715904112160712,-23.001272750621567,133.587364375015,2.6805555555555602,134.99524456121233
5987.916613829724,1448.35247783924,0.10518185507067225,-23.04351066207637,133.62368637617502,2.6805555555555602,134.99522767112333
5961.83056916058,1454.3143084084,0.07902619749924797,-23.085751018087898,133.65992945891898,2.6805555555555602,134.99526286406797
5971.737147263099,1460.28604555567,0.16751045474888315,-23.127854495417935,133.69597366712566,2.6805555555555602,134.99607297082397
5980.898656131048,1466.2669442118,0.07679780555772553,-23.17006284921427,133.73215310122734,2.6805555555555602,134.99596168625334
5848.207495090835,1472.11515170689,0.043169005212919075,-23.214539993129964,133.76063833472833,2.6805555555555602,134.99596963749795
5916.316094098854,1478.03146780099,-0.051495635940401435,-23.265427811675867,133.775992426934,2.6805555555555602,134.996281149074
5974.810082028903,1484.00627788301,0.13674210514240104,-23.3168088355089,133.79229347491733,2.6805555555555602,134.99598953437734
5984.95723452693,1489.99123511754,-0.02087861524075958,-23.3683655992356,133.809110397254,2.6805555555555602,134.995981373959
5977.34582201818,1495.96858093956,-0.019904561890328524,-23.419943619239866,133.82591970526698,2.6805555555555602,134.99599984966733
5950.158686574084,1501.91873962614,0.16318244292924103,-23.471193147302632,133.84263573403834,2.6805555555555602,134.9960423068393
5909.215955625938,1507.82795558176,-0.11689874085009444,-23.522469038698834,133.85941583475602,2.6805555555555602,134.99599487644
5891.811095087512,1513.71976667685,-0.4679419142010979,-23.573393802534767,133.87439241037902,2.6805555555555602,134.99585440303665
5681.5387132627475,1519.40130539012,-0.3267526810559603,-23.622777989330096,133.8724991399573,2.6805555555555602,134.99523455716266
5450.4982480242525,1524.85180363814,-0.548942661538326,-23.667383376241638,133.8676155447413,2.6805555555555602,134.99513844642468
5179.948294858381,1530.031751933,-0.17857095057242253,-23.7095006415222,133.872468075959,2.6805555555555602,134.99508152488
5654.961335196585,1535.68671326819,-0.14119776700264108,-23.7535624734596,133.87061985906033,2.6805555555555602,134.99510618858034
5711.684516201669,1541.3983977844,-0.060016820182045995,-23.7968602049497,133.86498761875868,2.6805555555555602,134.99520931668866
5930.958132174261,1547.32935591657,0.06204003797753569,-23.834874191740802,133.82718426484436,2.6805555555555602,134.99514401616767
5968.078189336524,1553.29743410591,0.195794331288779,-23.876932051999198,133.7909666749883,2.6805555555555602,134.99533390961201
5973.790589534363,1559.27122469544,0.29321999173252433,-23.918483309315032,133.75389053199936,2.6805555555555602,134.99561750080767
5949.437146819557,1565.22066184227,0.05991083329089821,-23.957826580018537,133.71400039044767,2.6805555555555602,134.99607842222602
5906.142150798831,1571.12680399307,-0.20980727865978868,-23.994409353652067,133.67154149812666,2.6805555555555602,134.996871841433
5973.148428816476,1577.09995242188,0.03675919907796234,-24.036333345539838,133.63605760847202,2.6805555555555602,134.99684137917401
5937.262925962596,1583.03721534785,0.07574065405974754,-24.07537143592913,133.596522882554,2.6805555555555602,134.995903313576
5971.0923499254195,1589.00830769777,-0.26714539501680845,-24.112292655986202,133.55456008187699,2.6805555555555602,134.99673058677465
5898.390361119925,1594.90669805889,-0.030474154083449504,-24.1517724675317,133.51541759049832,2.6805555555555602,134.99625462394732
5934.633320907764,1600.8413313798,-0.31270350422363546,-24.196884627139802,133.48557898748,2.6805555555555602,134.996012178974
5845.551405192164,1606.686882785,-0.21201614313242928,-24.238598225393734,133.45145246743633,2.6805555555555602,134.996125053776
5801.376333694673,1612.48825911869,-0.008905337509299123,-24.284090851709635,133.43475921236436,2.572944444444443,134.99634969840133
5798.532882525493,1618.28679200121,-0.34601762021585747,-24.326902955002666,133.45826953013665,2.5722222222222197,134.99663661139232
5810.626644862683,1624.09741864608,0.039621145561329334,-24.359920019222567,133.43106283095366,2.5722222222222197,134.99582963120164
5965.640361800543,1630.06305900788,-0.17786980980449552,-24.400030559302067,133.393757369944,2.5722222222222197,134.99656584559963
5931.3192680087905,1635.99437827588,-0.19098404392335877,-24.439647184984636,133.35500192969766,2.5722222222222197,134.99642412627398
5891.807932510821,1641.88618620839,-0.045143058338422276,-24.4694807908118,133.30780504980297,2.5722222222222197,134.99647175678166
5730.260627897268,1647.61644683629,-0.13596235313532878,-24.50292415650873,133.267082569311,2.5722222222222197,134.9954694216357
5732.253355901528,1653.3487001922,-0.007698690486168531,-24.546063089482132,133.24195643376368,2.5722222222222197,134.99646217900033
5845.254636451757,1659.19395482865,0.052726266677661275,-24.5926304537938,133.22659644487234,2.5722222222222197,134.99570428238633
5899.954015838704,1665.09390884449,0.201248887400492,-24.643197606151336,133.21064134026,2.5722222222222197,134.99602520708132
5889.392126586425,1670.98330097107,-0.30914575151483076,-24.690836501436163,133.19073167465672,2.5722222222222197,134.997406142158
5697.49364176224,1676.68079461283,-0.07628495538794318,-24.739061013864703,133.183033700797,2.5722222222222197,134.99624970738768
5900.758144818297,1682.58155275765,0.12846253770960644,-24.788847037220464,133.18176205484667,2.5722222222222197,134.99596302540232
5931.142270196791,1688.51269502785,-0.06909220946061208,-24.840695197981,133.19186924730232,2.5722222222222197,134.99728345107303
5949.6220064085865,1694.46231703426,-0.05576449890331702,-24.893855827833136,133.19557211164934,2.5722222222222197,134.99707885569435
5922.079145495209,1700.38439617975,-0.012366884630541851,-24.946693146886798,133.19553077452665,2.5722222222222197,134.99658249774066
5996.6289478183735,1706.38102512757,0.24755237098711524,-25.000180048649565,133.1990273705103,2.5722222222222197,134.99576474036232
5943.009609910587,1712.32403473748,0.09342151624800614,-25.053751562178636,133.20160743421164,2.5722222222222197,134.99565517369635
5938.108022287914,1718.26214275977,0.06468152915020224,-25.106449707945096,133.19797084594902,2.5722222222222197,134.99541046356165
5938.489402198206,1724.20063216197,-0.3362238162402633,-25.158825417145966,133.19572607586665,2.5722222222222197,134.99560246705568
5826.269124792162,1730.02690128676,-0.0999520172833769,-25.211266757514167,133.20348109771734,2.5722222222222197,134.99597505533166
5943.235089778345,1735.97013637654,-0.07797214957878335,-25.263731531419634,133.2090846004093,2.5722222222222197,134.99521761505102
5934.46016003891,1741.90459653658,0.06555107283500379,-25.315678440817337,133.19946646639397,3.09207407407407,134.99512863956832
5915.188915183864,1747.81978545176,0.15061438113631223,-25.3683082997437,133.192298146572,3.24444444444444,134.99497096651334
5913.14820606564,1753.73293365783,0.12127437062905398,-25.4198388755204,133.20278109145036,3.24444444444444,134.99511484247603
5935.594703779354,1759.6685283616,0.1392445036063778,-25.471103144226568,133.218121341602,3.24444444444444,134.99487931703968
5933.570742527456,1765.60209910413,-0.008295894389605367,-25.5231521909676,133.22086161576,3.24444444444444,134.99493233376703
5896.975634792363,1771.49907473893,0.19232371177947413,-25.5752026000441,133.2105118902457,3.24444444444444,134.99514260068867
5907.448681576848,1777.4065234205,0.1537515569498288,-25.627858186694734,133.214881987709,3.24444444444444,134.99509349047966
5952.510524517234,1783.35903394502,0.08469004247750775,-25.676021715537534,133.23838287683637,3.24444444444444,134.99527495270866
5975.330605855028,1789.33436455088,0.07996138832415677,-25.722620781231637,133.267826363551,3.24444444444444,134.99513104180568
5901.556300245735,1795.23592085112,0.30641106709301563,-25.771142570449765,133.29090203798702,3.24444444444444,134.99516425209936
5782.338650616877,1801.01825950174,-0.2682311645703265,-25.822306110802227,133.292883770488,3.24444444444444,134.99506133591132
5859.525414575749,1806.87778491632,-0.031190503773941294,-25.86849690444987,133.28139959169735,3.24444444444444,134.99524393008332
5912.743369540273,1812.79052828586,0.15000421463912933,-25.913402651327996,133.25139131650633,3.24444444444444,134.995236023735
5907.208501815236,1818.69773678768,0.10415629830913144,-25.960609876509963,133.22519554497964,3.24444444444444,134.9951513702277
5812.074189698953,1824.50981097737,-0.10040992326726367,-26.005672241592464,133.19662326046333,3.24444444444444,134.99516885104632
5898.454393862274,1830.40826537123,-0.15053965412004594,-26.05743015826136,133.19320675799997,3.24444444444444,134.99503546395533
5880.105690661641,1836.28837106189,-0.16899937563091083,-26.1102367604932,133.19937216678167,3.24444444444444,134.99552179925968
5991.876019869592,1842.28024708176,-0.15128164192741758,-26.1633474932888,133.19501128939697,3.24444444444444,134.99562538754333
5962.572606004378,1848.24281968777,-0.09205834269425922,-26.2168179962475,133.18873392941902,3.24444444444444,134.9954918013583
5909.554856080368,1854.15237454385,-0.1505705034828503,-26.269871638046666,133.18754957957964,3.24444444444444,134.995247333157
5868.015856437774,1860.02039040028,-0.1348886740357628,-26.322530337720867,133.19463738331933,3.24444444444444,134.99582367640633
5857.8482455803205,1865.87823864586,-0.07056199766947382,-26.3683083237925,133.22134934151364,3.24444444444444,134.99604814650368
5984.30956166836,1871.86254820753,-0.12895634741063297,-26.416723179609836,133.24416978257432,3.24444444444444,134.99542507079366
5908.562725432527,1877.77111093296,0.10107879495998538,-26.468349824294165,133.25725650267933,3.24444444444444,134.996029342155
5964.88701528798,1883.73599794825,0.0060337929568703855,-26.521713790207603,133.25505253108904,3.24444444444444,134.99541892018198
5827.6493196582505,1889.56364726791,-0.03953357778137779,-26.574515128778796,133.251937999714,3.24444444444444,134.995048853448
5880.902683798033,1895.44454995171,-0.193199151737373,-26.62310604131663,133.27053400657,3.24444444444444,134.99511943845863
5856.477340925172,1901.30102729263,-0.041332655653676734,-26.6727633695624,133.29015736893203,3.24444444444444,134.99489403919168
5931.0260808886,1907.23205337352,-0.009924915794380354,-26.7221059114412,133.31135505696966,3.24444444444444,134.99498751110968
5889.664257239454,1913.12171763076,-0.04476110352980326,-26.77354345902843,133.32501388137965,3.24444444444444,134.995075915713
5812.860120389816,1918.93457775114,0.22170480417649546,-26.825292396935136,133.33347236038065,3.24444444444444,134.99542564304633
5869.990720389605,1924.80456847153,-0.07621880584863583,-26.86292321223463,133.36893455407596,3.24444444444444,134.99606004862702
5786.037471009916,1930.59060594254,-0.14148813432045526,-26.91194857528724,133.37749029422932,3.24444444444444,134.99510631044996
5745.491461402635,1936.33609740394,-0.09799134802435172,-26.960687856019437,133.3866587783067,3.24444444444444,134.99519566836034
5871.010522367558,1942.20710792631,-0.1598738535943023,-26.99988530576596,133.41876350630304,3.24444444444444,134.99495173752933
5966.575365110363,1948.17368329142,0.1429671131866924,-27.04700438391427,133.446852821098,3.24444444444444,134.9953210253047
5845.003339807405,1954.01868663123,-0.06294995420967035,-27.094568821429935,133.47338647919935,3.24444444444444,134.99569214369998
5824.651541566687,1959.8433381728,-0.10819261763131317,-27.133330670732438,133.5107235548787,4.178703703703707,134.99540135945963
5805.448988312552,1965.64878716111,-0.21619212430488552,-27.179448293517968,133.533484868475,4.36555555555556,134.995419833034
5813.826355202144,1971.46261351631,-0.03491005794591784,-27.22730005123767,133.55614403650097,4.36555555555556,134.99525434862832
5820.20282042694,1977.28281633673,-0.15232409596769025,-27.26983266518687,133.58982728801067,4.36555555555556,134.99516175128235
5808.40284610299,1983.09121918284,0.0014683218551204608,-27.310344506940126,133.626924813883,4.36555555555556,134.99696851205434
5949.365879226267,1989.04058506207,-0.10914286329349047,-27.35492330284814,133.65849855834134,4.36555555555556,134.99531044239464
5874.280284954113,1994.91486534702,-0.15523388741796004,-27.400358544231775,133.68949693922804,4.36555555555556,134.9954254285783
5786.939427118763,2000.70180477414,-0.09587689699511215,-27.442443965230098,133.72451270920803,4.36555555555556,134.99691569725996
5933.804664015129,2006.63560943816,0.13892235435789227,-27.48402318632634,133.76045236765302,4.36555555555556,134.9955873719497
5915.179436514665,2012.55078887467,-0.08148720062040023,-27.525636251076037,133.79793455440804,4.36555555555556,134.99551544271435
5979.934952920928,2018.5307238276,0.007297512738564293,-27.570138859223263,133.8313616410103,4.36555555555556,134.996376867019
5877.854471010612,2024.40857829861,0.005765193264002593,-27.6136614864906,133.86611309288168,4.36555555555556,134.99620762456132
5955.344033622267,2030.36392233223,0.10162652070158948,-27.650077084127407,133.90959776735667,4.36555555555556,134.99553473148467
5815.137056776071,2036.17905938901,0.11647623243586225,-27.68900077927263,133.9491289688683,4.36555555555556,134.99607509159668
5835.049752377347,2042.01410914139,0.015453763451245411,-27.73174548703287,133.981983604735,4.36555555555556,134.99631874258696
5791.785346074594,2047.80589448746,-0.20409274525866292,-27.775867184541603,134.0124481634997,4.36555555555556,134.99624307250832
5941.410011106267,2053.74730449857,-0.06361182258894531,-27.82637383753673,134.02452778781236,4.36555555555556,134.99563675955133
5908.094783271386,2059.65539928184,-0.050933103791999695,-27.87715530408203,134.0428209827307,4.36555555555556,134.9960439454933
5942.168846918075,2065.59756812876,-0.04817661222793107,-27.923825532155533,134.07122169407901,4.36555555555556,134.99612610969166
5784.020379597616,2071.38158850835,-0.0324468117615886,-27.968661456884462,134.10253893541,4.36555555555556,134.996205381892
5831.313787362691,2077.21290229571,0.04343871912928101,-28.018850414094832,134.11130904181837,4.36555555555556,134.99604537060267
5736.1676858285455,2082.94906998154,0.01588337394042019,-28.069241675647767,134.11291371286268,4.36555555555556,134.99574609376603
5797.656936954774,2088.7467269185,-0.10739699767774495,-28.11623411710283,134.13281769585933,4.36555555555556,134.99610334827702
5844.217866295776,2094.59094478479,-0.022689813563439944,-28.168120192260297,134.13355237732566,4.36555555555556,134.99675580006766
5877.63295953221,2100.46857774432,0.07461533322456229,-28.21864050711174,134.14957231935668,4.36555555555556,134.99620107821198
5934.357789806225,2106.40293553413,0.03840059390274054,-28.2710155476016,134.15669718677566,4.36555555555556,134.996149914608
5899.93168105489,2112.30286721518,-0.10452766390659742,-28.323437824116635,134.16702688924872,4.36555555555556,134.9960709631287
5869.281953374186,2118.17214916855,0.02865158203721066,-28.374862665712232,134.18110489539364,4.36555555555556,134.995360045401
5709.71582268633,2123.88186499124,-0.10073605331784904,-28.42590762636583,134.189333097098,4.36555555555556,134.99528003116265
5726.0845858512475,2129.6079495771,0.02981251014185184,-28.473366263986804,134.20150321958198,4.36555555555556,134.99574947046767
5824.192947268868,2135.43214252437,0.1758813361339412,-28.518312462861733,134.2280087998137,4.36555555555556,134.99589069092067
5762.869660854244,2141.19501218522,-0.09407901647807851,-28.560895916835033,134.261010659366,4.36555555555556,134.995492619625
5749.70434304663,2146.94471652827,-0.039855866742933885,-28.600965872393232,134.29669394352666,4.106717592592593,134.99533814158534
5744.942846789254,2152.68965937505,0.07496560536633229,-28.635222187039737,134.33803287591698,4.04861111111111,134.99600875087864
5691.597777400268,2158.38125715245,-0.0698336632286861,-28.658657621068134,134.38844713633634,4.04861111111111,134.99526689115936
5735.138908241605,2164.11639606069,-0.19532459365470842,-28.684438872849267,134.43718880578902,4.04861111111111,134.99534627765001
5809.780755785017,2169.92617681648,0.055357131427375604,-28.724216845412702,134.47393744162235,4.04861111111111,134.99529864162736
5828.171784063938,2175.75434860055,-0.21520003373801216,-28.76542167251766,134.51005340492767,4.04861111111111,134.9950642813853
5750.708928521053,2181.50505752907,0.002391556283489568,-28.80615833731883,134.5446081016503,4.04861111111111,134.995296310394
5778.8997316749865,2187.28395726074,-0.1294868355441797,-28.843872555214766,134.58312445085863,4.04861111111111,134.995230547663
5851.9688648856245,2193.13592612562,0.09370984467510145,-28.8805872557645,134.62405355982332,4.04861111111111,134.99576652238935
5881.440697460404,2199.01736682309,-0.09725505288770693,-28.922918139767802,134.659109012896,4.04861111111111,134.9957140165077
5786.102603970098,2204.80346942706,0.022809298352175038,-28.970060001509736,134.68280096542134,4.04861111111111,134.99608509685532
5673.944207587571,2210.47741363463,0.027103937613688713,-29.010697919053104,134.711015906117,4.04861111111111,134.99642519884534
5280.953687039418,2215.75836732167,-0.03161663355331635,-29.019542950077593,134.751764257996,4.04861111111111,134.99629630527266
5808.092980236692,2221.56646030192,-0.16144325458915543,-29.03825699898596,134.7905061965263,4.04861111111111,134.99725402368534
5812.685399988886,2227.3791457019,-0.0036571134082310436,-29.070079545283132,134.83756000553734,4.04861111111111,134.99781881837364
5827.27127697317,2233.20641697887,0.16488322428121574,-29.09828025865773,134.88686238146303,4.04861111111111,134.99818554560068
5834.458313172794,2239.04087529204,-0.027943172093167414,-29.141737557222598,134.917675169816,4.04861111111111,134.99619135846734
5727.222171423669,2244.76809746347,-0.15905084624537422,-29.18652955541704,134.94592229076133,4.04861111111111,134.99642301112735
5929.883983949015,2250.69798144742,0.09224176832321367,-29.236077856932162,134.95950727241498,4.04861111111111,134.99596513854567
5965.056960203739,2256.66303840762,-0.21826376570303838,-29.288726414093,134.96983751516163,4.04861111111111,134.99678097439934
5875.1884108669055,2262.53822681849,0.07405560663573832,-29.34073022829713,134.982928759038,4.04861111111111,134.9970709237643
5866.965803233212,2268.40519262172,0.0006198634629114007,-29.39096345962474,134.99836401886733,3.94471,134.99622884535202
5870.248227094606,2274.27544084881,-0.029107974588017723,-29.441419835854127,135.014919100755,3.5763333333333307,134.99592695440302
5878.5698635132085,2280.15401071233,-0.10311407485775842,-29.492008001887232,135.026358590418,3.5763333333333307,134.99557635099632
5860.449884411339,2286.01446059674,0.01000149851030488,-29.536565395791538,135.05762686676334,3.5763333333333307,134.99713709434266
5851.7992725294425,2291.86625986926,0.14219586906421988,-29.583192480317933,135.08045849034335,3.5763333333333307,135.00076258564965
5830.88819766073,2297.69714806693,0.25985709064545326,-29.62003991606563,135.12229498743633,3.5763333333333307,134.99761909455736
5869.728006967776,2303.5668760739,0.07456202277566205,-29.667966341185803,135.13405109671902,3.5763333333333307,134.99698283797466
5884.935581978109,2309.45181165587,-0.23294056071985983,-29.72011568949696,135.125774231516,3.5763333333333307,134.99765801226698
5880.014850343329,2315.33182650622,-0.18974856306318885,-29.772110233011997,135.11963637419902,3.5763333333333307,134.99594927598602
5750.8271518997535,2321.08265365811,-0.1317169529494545,-29.824454991955804,135.12246695181972,3.5763333333333307,134.99594954659568
5846.145736592764,2326.92879939471,0.006547283475473708,-29.874255171752267,135.13035208994467,3.5763333333333307,134.99577414981232
5845.714076038167,2332.77451347074,-0.019193783944969248,-29.921800052037604,135.15561485885567,3.5763333333333307,134.99507189452368
5874.034074951099,2338.64854754569,-0.0621517459644787,-29.9724923155598,135.17035814067734,3.5763333333333307,134.99508699482433
5829.730230759249,2344.47827777646,0.0639579720124118,-30.021573802313625,135.191384158954,3.5763333333333307,134.9953306521153
5967.91923545657,2350.44619701191,0.000997857254728227,-30.074120855653806,135.195218261913,3.5763333333333307,134.995463254169
5988.188989361847,2356.43438600131,0.07650810264114148,-30.12790397443846,135.19520079445132,3.5763333333333307,134.995284448314
5733.9489733716255,2362.16833497468,0.04688916951250348,-30.179346224831097,135.20246367552667,3.5763333333333307,134.995632366588
5877.71026993773,2368.04604524462,-0.029012073429340396,-30.218114324975364,135.24050318221066,3.5763333333333307,134.995989581946
5907.8408752579935,2373.95388611987,-0.13033761190225626,-30.262876565567137,135.27119536505168,3.5763333333333307,134.99613372876232
5882.913872735697,2379.83679999261,0.06754134825167027,-30.311947868138336,135.29351138883968,3.5763333333333307,134.99652224624498
5831.872798559532,2385.66867279117,-0.07986112445766602,-30.356586434213433,135.32471332360035,3.5763333333333307,134.99520754813733
5795.356356506836,2391.46402914767,-0.07073294862119762,-30.404334107327134,135.344335997604,3.5763333333333307,134.99525263774566
5915.86798821133,2397.37989713588,-0.04790458795322155,-30.455442560136397,135.35014082318833,3.5763333333333307,134.99518562407533
5886.243761909932,2403.26614089779,-0.10420627002194062,-30.5080364342474,135.34876603454532,3.5763333333333307,134.99537078848803
5861.508663030263,2409.12764956082,-0.060292030109186795,-30.556110554418666,135.37079035103034,3.5763333333333307,134.99566023226666
5793.225470261916,2414.92087503108,-0.06065834626851434,-30.606364424933897,135.38708664902234,3.5763333333333307,134.99567521675436
5817.561226799406,2420.73843625789,0.14548946215538267,-30.652544513126607,135.41362898312465,3.5763333333333307,134.99530661181066
5852.001283855691,2426.59043754174,0.07740089566049516,-30.689105935031137,135.45668338419534,3.5763333333333307,134.99557405152396
5799.800646473001,2432.39023818821,-0.06421295606107286,-30.728907162648568,135.4950677777587,3.5763333333333307,134.995043916534
5833.934768094745,2438.2241729563,-0.1932694302331475,-30.775732705168465,135.51929015234865,3.5763333333333307,134.99492319930002
5722.877281866266,2443.94705023817,0.12678113319636786,-30.819014423432066,135.54931887831734,3.5763333333333307,134.995140598904
5760.192609534339,2449.70724284772,-0.08735090362300146,-30.856709964422794,135.58912938128765,3.5763333333333307,134.99662132418138
5796.329649053383,2455.50357249676,-0.0480468979565156,-30.877238491543068,135.64289807020634,4.008844444444444,134.99603577935366
5782.375019338599,2461.28594751611,0.032912794107496035,-30.905228186858135,135.69123846572165,5.738888888888889,134.995336123593
5775.90222692295,2467.06184974303,0.07821746203409839,-30.944747598333198,135.72996277442763,5.738888888888889,134.995908789192
5767.237446298912,2472.82908718933,0.128161436945946,-30.989293336251432,135.75984382677467,5.738888888888889,134.99576974229132
5805.854779364828,2478.6349419687,0.24714253688628177,-31.026685421512095,135.800591894817,5.738888888888889,134.99562299025933
5747.562758878636,2484.38250472758,-0.25503547124161,-31.066142818178,135.83632199810734,5.738888888888889,134.99499822093702
5695.415109065652,2490.07791983664,-0.02789551285668634,-31.098380746269935,135.88117301175967,5.738888888888889,134.99550056575598
5830.175777103892,2495.90809561374,0.1373163246190055,-31.120152996342398,135.93505219893768,5.738888888888889,134.99545379554934
5902.53534450745,2501.81063095825,-0.03408201470131424,-31.13466401235197,135.99436429350197,5.738888888888889,134.99558685623867
5849.137271774476,2507.65976823003,-0.05568905128155921,-31.156564079146605,136.04995585477567,5.738888888888889,134.99622863258702
5859.571643851309,2513.51933987388,-0.04495885341332933,-31.167220688039098,136.10918168767563,5.738888888888889,134.99688377815366
5903.181597525354,2519.42252147141,-0.08757603603542642,-31.179390014583163,136.16928091924265,5.738888888888889,134.99596420943732
5783.974354607883,2525.20649582602,-0.21258590968028018,-31.185108315037336,136.22950382636068,5.738888888888889,134.99594229788465
5872.195346051384,2531.07869117207,-0.0902255401190271,-31.198562676845704,136.2879540952863,5.738888888888889,134.99616206271796
5870.256430359328,2536.94894760243,-0.06432080028297288,-31.22274008664083,136.342406839082,5.738888888888889,134.996654770837
5649.497752606752,2542.59844535503,0.049383884135215265,-31.23418434273484,136.39924200539733,5.738888888888889,134.998515160817
5752.701806908906,2548.35114716194,-0.19821944998395413,-31.232306633336204,136.45873598010766,5.656238425925926,134.99745606739
5742.020744407626,2554.09316790634,0.35013261576606425,-31.249159147891294,136.512551844063,4.3986111111111095,134.9964916501997
5705.363390333974,2559.79853129668,0.7407720920514783,-31.2525706070667,136.569841643955,4.3986111111111095,134.99591446266004
5875.13385863565,2565.67366515531,-0.03847216753996079,-31.26708467057507,136.62665813781433,4.3986111111111095,134.99663922509902
5888.103194737949,2571.56176835005,-0.0643366418545102,-31.25917702002476,136.68655849865002,4.3986111111111095,134.99637493926832
5796.234669945285,2577.35800301999,0.0072010997848961575,-31.248634671898436,136.746102084788,4.3986111111111095,134.99720423651468
5754.530010988548,2583.11253303098,-0.15947722101218773,-31.260596400735437,136.80263893389832,4.3986111111111095,134.99748531832466
5881.908669918792,2588.9944417009,0.029836876668089693,-31.300266519702532,136.84104597862134,4.3986111111111095,134.99868155290733
5814.92949995149,2594.80937120086,0.14279767603595644,-31.343685034934733,136.87609959053864,4.3986111111111095,134.99837145859365
5867.495977851697,2600.67686717871,-0.598696093043022,-31.37756129217237,136.92074209113665,4.3986111111111095,134.99813350796165
5834.696927041029,2606.51156410575,-0.5463552278495878,-31.403095282034666,136.97473237440167,4.3986111111111095,134.999253531674
5788.05753339725,2612.29962163914,0.13727588430438561,-31.44078402888813,137.00989724954434,4.3986111111111095,134.99875840025436
5811.580687855836,2618.11120232699,0.21766765032702945,-31.470725883675495,137.057576330325,4.3986111111111095,134.99986710289832
5822.8248670014655,2623.93402719399,0.36611088706252576,-31.504927907789497,137.10189413073235,4.3986111111111095,134.99830345488502
5738.170729275307,2629.67219792326,0.13641811035983728,-31.549095508810392,137.126896107446,4.3986111111111095,134.99763825961767
5934.3310387323745,2635.606528962,-0.43018488869314303,-31.5987655134899,137.14166532223933,4.3986111111111095,134.99943226351934
5852.18695351986,2641.45871591552,-0.24317550272038307,-31.650350561838266,137.15442537272304,4.3986111111111095,135.00035034319498
5667.5487491531185,2647.12626466467,-0.21318119995804966,-31.687134082469903,137.19116120250501,4.3986111111111095,134.99807107791833
5739.49207162346,2652.8657567363,0.1535529278376736,-31.719707812823334,137.233127297445,4.3986111111111095,135.000327457373
5920.9095017497275,2658.78666623805,0.145525690780387,-31.759727448132534,137.27265841492235,4.3986111111111095,134.99820007273732
5950.757514608271,2664.73742375266,-0.05015201099023616,-31.803046601073767,137.3076904062207,4.3986111111111095,135.00030242024533
5965.097183785274,2670.70252093644,-0.08709296755217306,-31.851359420075703,137.33493992012802,4.3986111111111095,135.00140869852433
5950.165216624354,2676.65268615307,0.08077700721010288,-31.899758175825166,137.36225668696298,4.3986111111111095,134.999764227903
5911.275432653942,2682.56396158572,0.3266737467362204,-31.94758501061063,137.38858940566502,4.3986111111111095,134.99701290834864
5976.587007274592,2688.540548593,-0.0214427649027545,-31.994441127943766,137.41933703272366,4.3986111111111095,134.99593359922633
5893.420564558664,2694.43396915755,-0.4316795932808505,-32.0423334237088,137.44399823353,4.3986111111111095,134.99618692767433
5978.586919756597,2700.41255607731,-0.28537191219151004,-32.09515561557896,137.44224150371164,4.3986111111111095,134.99767166943434
5830.868712658609,2706.24342478997,0.023895645363074928,-32.1442970521369,137.45305757409096,3.1881111111111102,134.99738026432334
5962.50004101971,2712.20592483099,-0.030837668640097727,-32.18616156343293,137.49210067384038,3.0486111111111103,134.99684342545265
5940.247454649619,2718.14617228564,-0.021575679393682434,-32.227734730632235,137.5318721872977,3.0486111111111103,134.99731545988968
5922.268927923909,2724.06844121356,-0.023790991814849068,-32.27215980479466,137.5657806880203,3.0486111111111103,134.9964367278247
5913.30625193328,2729.9817474655,-0.05514846985469087,-32.321079245071964,137.5904255104207,3.0486111111111103,134.99619330062433
5855.553633115133,2735.83730109861,0.0706551076006091,-32.36717989540956,137.61867670829733,3.0486111111111103,134.99539019260664
5903.653272279117,2741.74095437089,-0.3299895695813996,-32.40676476285993,137.66056441251635,3.0486111111111103,134.99519117438734
5759.7849625618765,2747.50073933345,-0.03290335696038691,-32.44241176633723,137.704800245381,4.258101851851854,134.99697261462333
5616.690541137732,2753.11742987459,0.01902667194751917,-32.475706401995026,137.75000030880366,4.5,134.99718358351566
5582.708233768279,2758.70013810836,0.016721526052148678,-32.5070356554779,137.79346776169967,4.5,134.99626040578266
5792.669213217376,2764.49280732157,0.10521979616827191,-32.535045568339235,137.8433064535287,4.5,134.99615204370068
5918.96156157234,2770.41176888314,0.06893161823451227,-32.57652639899007,137.88005151444568,4.5,134.995445041452
5779.441801606166,2776.19121068474,0.05359890652894397,-32.622105548274206,137.91185941870364,4.5,134.99542098872766
5848.9237251834775,2782.04013440993,0.20856544726139653,-32.6705883756862,137.93336345753,4.5,134.995583956745
5737.348218741602,2787.77748262867,-0.5069287589422852,-32.72118669878526,137.94136867328734,4.5,134.99556992051333
5839.95640809468,2793.61743903677,0.30182523060165,-32.771644352397296,137.95313721756835,4.5,134.99551053852298
5762.514207557431,2799.37995324434,0.1719734411405629,-32.82037020768607,137.97291761587368,4.4472453703703705,134.995218772809
5926.649155563201,2805.3066023999,-0.32155323830333543,-32.87117520811113,137.98216806346431,4.20138888888889,134.995104653043
5985.265983745383,2811.29186838365,-0.02965453714241668,-32.92491232496797,137.98238772554834,4.20138888888889,134.99607952200503
5718.351838044884,2817.01022022169,-0.10075495370363757,-32.976865457903635,137.98636429162133,4.20138888888889,134.99606544459667
5683.259853957636,2822.69348007565,-0.055931807748829075,-33.018181623432405,138.01484358183131,4.20138888888889,134.99612329814664
5709.298190036148,2828.40277826569,-0.008897476723565625,-33.064280018486,138.0400774820237,4.20138888888889,134.99549230663635
5674.891897937017,2834.07767016363,0.11517648407417679,-33.10979732716483,138.06528346750798,4.20138888888889,134.99533919366098
5713.007018782178,2839.79067718241,-0.11762977922604155,-33.1603465491417,138.06810631725432,4.20138888888889,134.996345499892
5686.738369166895,2845.47741555158,0.33019161663401037,-33.20367764439593,138.0863300259873,4.20138888888889,134.99645435548197
5790.214478318447,2851.2676300299,0.6059941034551027,-33.243024183972196,138.12609759492634,4.20138888888889,134.99713847441365
5786.121412464937,2857.05375144237,0.44984812310723776,-33.2842717510842,138.161569116581,3.554914351851854,134.99698926892265
5776.911529275255,2862.83066297164,-0.5127558413523657,-33.33052027219087,138.18099166552867,2.9777777777777805,134.99765203526798
5869.312830912255,2868.69997580255,-0.2762000109305973,-33.38197491252767,138.172097739631,2.9777777777777805,134.99737750083233
5864.436740072837,2874.56441254263,0.04493448501975707,-33.432383271839896,138.156952450676,2.9777777777777805,134.99608680093303
5898.550257961352,2880.46296280059,0.10213852328206179,-33.48143126556416,138.17256316547164,2.9777777777777805,134.995783788425
5816.554667203312,2886.2795174678,0.09166020343186779,-33.52672558079627,138.20268764790868,2.9777777777777805,134.99570500683132
5894.859985931118,2892.17437745373,0.24952658568802233,-33.57389593040327,138.22391886706237,2.8850833333333337,134.99552763679233
5884.6990048477255,2898.05907645857,0.05154682552540472,-33.626778193293895,138.22635390223667,2.847222222222221,134.99543454363098
5870.398931669178,2903.92947539024,0.18557570933223339,-33.67853094439617,138.21849497021802,2.847222222222221,134.99564000018634
5914.826474038213,2909.84430186428,-0.11036534611718016,-33.73068196939587,138.21062893995935,2.847222222222221,134.99565807203666
5670.559496266431,2915.51486136054,-0.2856524467228722,-33.78197102326854,138.21025644981333,2.8663888888888867,134.99494242758234
5804.11880687451,2921.31898016742,-0.11810129817249214,-33.83034068162867,138.198783961847,3.1666666666666705,134.99491698229104
5810.418650425808,2927.12939881784,-0.03328399096508291,-33.87884059746227,138.17596343096133,3.1666666666666705,134.99640851068366
5710.220320652435,2932.83961913849,0.0894045267208126,-33.92828664397267,138.16406459846334,3.1666666666666705,134.99603305315634
5842.319711612674,2938.68193885011,0.25843422839116675,-33.9710747485153,138.19286131162568,3.1666666666666705,134.99594903072202
5813.214912603304,2944.49515376271,-0.47870793273635126,-34.01592132203253,138.21337714169098,4.0366666666666715,134.99605236104165
5921.493138960974,2950.41664690168,-0.5451737556364505,-34.067533910460796,138.2050583917137,5.583333333333341,134.99557905766366
5971.58098755591,2956.38822788923,-0.014793084833513534,-34.11786300842633,138.184218403732,5.583333333333341,134.99650642972566
5643.515087240361,2962.03174297646,-0.06882272831534218,-34.16541700276014,138.16037318151467,5.583333333333341,134.99620592909798
5623.246677677234,2967.65498965414,0.10713793769141577,-34.20537422265467,138.17662835640965,5.583333333333341,134.99628192236966
5601.287222290732,2973.25627687643,-0.07627659720471121,-34.243837973437806,138.21467124880166,5.583333333333341,134.99599937558068
5377.347554930129,2978.63362443136,0.031204028887919382,-34.2866276356274,138.24157569646303,5.583333333333341,134.99526695841735
4296.042221664322,2982.92966665303,-0.0005067980582036275,-34.32521160839613,138.26808463308168,5.583333333333341,134.99537518736534
4438.143706590906,2987.36781035963,-0.018265768351387126,-34.357343851170896,138.29068075197765,5.583333333333341,134.99549854792164
4503.49538629097,2991.87130574591,0.03907072446337278,-34.39294649035064,138.31303535799768,5.374958333333337,134.995669697225
4377.6813184483635,2996.24898706436,0.03125216718452167,-34.425081093665796,138.33557263036766,5.12027777777778,134.996093984822
4947.45015225249,3001.19643721661,-0.012532950781924302,-34.45924154657693,138.36244828598834,3.233049537037037,134.995138108916
5809.120032185194,3007.00555724879,-0.03294763887761428,-34.49792010436903,138.40043576397667,3.93864351851852,134.9951832343153
5595.952537045393,3012.60150978584,0.024521961518684837,-34.5362137628792,138.44215582306597,4.19722222222222,134.99537334083968
5809.040187897823,3018.41054997374,-0.03657162777647916,-34.57304668056423,138.48468952732767,3.834050925925923,134.995063021417
5811.057364713337,3024.22160733846,0.057047241845873016,-34.615038073728094,138.51964749126734,3.7944444444444403,134.99575311583433
5710.751459203202,3029.93235879767,0.04462794480768367,-34.648548368771166,138.555213746853,3.7944444444444403,134.99556511568866
5717.6603930711735,3035.65001919074,0.12164503469537943,-34.64514573837806,138.616966250908,3.7944444444444403,134.99565184533566
585.8227804922903,3036.23584197123,0.11289501607087175,-34.64017341216529,138.6505242503887,3.794444444444441,134.99587440905202
