StepDistance(m),CumulativeDistance(km),Slope (deg),Lattitude,Longitude,wind speed,wind angle,GHI,WIND_SPEED,WIND_DIRECTION
5428.454894020579,5.42845489402057,-0.1435529271024891,-12.442441297193133,130.85334251203466,3.375,-119.0,0.0,1.4,101.0
5536.800761556791,10.9652556555774,-0.03346110299801,-12.436634873944332,130.8969461629993,3.375,-119.0,,,
5654.017459851554,16.6192731154289,0.2123784637638618,-12.455940267003,130.94199992747366,3.375,-119.0,,,
5558.048344530024,22.177321459959,0.0094729052022892,-12.4720043547264,130.98911484825732,3.375,-119.0,,,
5716.21101418703,27.893532474146,0.0890720388707946,-12.507333621443667,131.02304844247735,3.375,-119.0,,,
5749.945623182364,33.6434780973284,-0.0653533804277385,-12.5427388772868,131.059615321984,3.375,-119.0,,,
5856.302964057704,39.4997810613861,-0.1546305684836291,-12.5905306292409,131.07361632894336,3.375,-119.0,,,
5890.850102927683,45.3906311643137,0.2791020526625574,-12.643047701220269,131.07560341406463,3.375,-119.0,,,
5903.473200591451,51.2941043649052,0.0371327374396856,-12.6953888944366,131.08427892373467,3.375,-119.0,,,
5931.634997777588,57.2257393626828,-0.0166270975837041,-12.746866166220132,131.09586714883932,3.375,-119.0,,,
5815.318377245,63.0410577399278,-0.0217929601212975,-12.792188003287531,131.11988618262737,3.375,-119.0,,,
5887.197073392621,68.9282548133204,0.0315938200811872,-12.8404950992703,131.13587909957369,3.375,-119.0,,,
5820.245808535193,74.7485006218556,0.1408357617128104,-12.891590239712498,131.14045345130603,3.375,-119.0,,,
5917.739364715502,80.6662399865711,0.2746489352050233,-12.941024404683498,131.1267683025163,3.375,-119.0,,,
5846.042376239836,86.5122823628109,-0.3997701373423569,-12.991642806823863,131.11888461093866,3.375,-119.0,,,
5884.533713028404,92.3968160758392,0.0495701967458376,-13.041739378304769,131.1155004625323,3.375,-119.0,,,
5890.269288838908,98.2870853646781,0.1146199004835853,-13.091912217681232,131.10753793667433,3.375,-119.0,,,
5946.41308913987,104.233498453818,-0.1835566522179652,-13.144670282215666,131.10614540985267,3.375,-119.0,,,
5904.483703453651,110.137982157272,0.0113428839251324,-13.197097443933767,131.10143963644202,3.375,-119.0,,,
5766.124422131725,115.904106579403,-0.0574239208283982,-13.240637319516033,131.114618315374,3.375,-119.0,,,
5920.852762164088,121.824959341567,0.0675297527270813,-13.270801055982467,131.15706606329832,3.375,-119.0,,,
5915.507669497127,127.740467011064,-0.003485631975182,-13.301169387493232,131.19963492572433,3.375,-119.0,,,
5849.199971359218,133.589666982423,0.1395210619384269,-13.349521192088504,131.21405841075966,3.375,-119.0,,,
5925.135476755473,139.514802459179,0.0848124237425297,-13.382368062410032,131.24958742410763,3.375,-119.0,,,
5906.442439718342,145.421244898897,-0.0598035127657263,-13.413715654076434,131.29342167057703,3.375,-119.0,,,
5879.445557685385,151.300690456582,0.1753151642790315,-13.456025241314466,131.32461489603466,3.375,-119.0,,,
5878.587922735349,157.179278379318,0.0610291889946271,-13.486461156883534,131.36414527896233,3.375,-119.0,,,
5911.4011011277025,163.090679480445,0.6030442671233563,-13.5242002868832,131.40042227740832,3.375,-119.0,,,
5843.972751225422,168.934652231671,-0.3432394556564886,-13.5632748187443,131.43560552984266,3.375,-119.0,,,
5714.222608729351,174.6488748404,0.5354516618114147,-13.574180362385604,131.47606595728502,3.375,-119.0,,,
5880.895344049586,180.52977018445,0.1088402344693641,-13.5958029171263,131.51164691437234,3.375,-119.0,,,
5859.721221246557,186.389491405696,0.2889851879080083,-13.6270452015639,131.55145126047535,3.375,-119.0,,,
5883.5984371114355,192.273089842807,0.0921027543705371,-13.625780820538866,131.60289167501432,3.408333333333333,-141.5,,,
5868.3363504852805,198.141426193293,-0.317925413259667,-13.6427716902025,131.65226217107102,3.408333333333333,-141.5,,,
5889.829372077638,204.03125556537,-0.0235995684473752,-13.677557123337133,131.68902490689297,3.408333333333333,-141.5,,,
5936.028461872512,209.967284027242,0.0904423461877623,-13.723287002446163,131.71169440319937,3.408333333333333,-141.5,,,
5835.96683484563,215.803250862088,-0.0742572039767058,-13.754553037841866,131.75489021684197,3.408333333333333,-141.5,,,
5966.480208697463,221.769731070786,0.3504579370222999,-13.787389360783,131.79580599390033,3.408333333333333,-141.5,,,
5714.6162459441175,227.484347316729,-0.3776319820610972,-13.820639994169996,131.83416891840238,3.408333333333333,-141.5,,,
5867.552708775349,233.351900025505,-0.1206658231762494,-13.864775036558203,131.842134270341,3.408333333333333,-141.5,,,
5941.545413619452,239.293445439124,-0.2950704218320246,-13.911654442579165,131.86235643803167,3.408333333333333,-141.5,,,
5918.8565176201555,245.212301956744,0.0267951992570697,-13.951885628518266,131.89781858526268,3.408333333333333,-141.5,,,
5942.4063332268815,251.154708289971,-0.1758779218929745,-13.9969417725751,131.92656559592132,3.408333333333333,-141.5,,,
5852.324180517629,257.007032470489,0.0085779513037978,-14.04201397233123,131.95343805316332,3.408333333333333,-141.5,,,
5800.991562586902,262.808024033075,0.0013297321688584,-14.083236817840298,131.98380401453096,3.408333333333333,-141.5,,,
5904.947393419301,268.712971426495,-0.0733612896722671,-14.131906333236566,131.99715510213366,3.408333333333333,-141.5,,,
5855.8386632124175,274.568810089707,-0.1372902219141475,-14.176472984692968,132.02534409480532,3.408333333333333,-141.5,,,
5933.153271474836,280.501963361182,0.4683501413834031,-14.223873161621766,132.04231714779036,3.408333333333333,-141.5,,,
5881.8617072593925,286.383825068441,0.030906449008999,-14.268898020567534,132.06783431587468,3.408333333333333,-141.5,,,
5856.964877512848,292.240789945955,0.0422561818158061,-14.30995939408,132.09845012399836,3.408333333333333,-141.5,,,
5730.539800276022,297.97132974623,-0.3405409640993768,-14.348519205088202,132.13301896750133,3.408333333333333,-141.5,,,
5847.785040661248,303.819114786892,0.0031540289236823,-14.383171652425569,132.16899115144466,3.408333333333333,-141.5,,,
5738.291059087813,309.55740584598,-0.1782482006748506,-14.415407118808268,132.204515734085,4.258333333333334,-141.5,,,
5762.233004624507,315.319638850604,-0.0974813797795448,-14.448631801624805,132.24339713467504,4.258333333333334,-141.5,,,
5786.375847288162,321.106014697892,0.0384220312081077,-14.472962764187033,132.288402493225,4.258333333333334,-141.5,,,
5929.922601968502,327.035937299861,0.1461198148643848,-14.489087419393332,132.33919486729567,4.258333333333334,-141.5,,,
5895.126123217826,332.931063423079,0.0474832716166485,-14.488056909637333,132.3479107807463,4.258333333333334,-141.5,,,
5891.842160379896,338.822905583459,0.1508856549429416,-14.481136427962667,132.38374889596437,4.258333333333334,-141.5,,,
5831.172445798129,344.654078029257,0.2437829962813767,-14.5111495429253,132.42419298173266,4.258333333333334,-141.5,,,
5943.308734620425,350.597386763877,0.0596233536903865,-14.553375163618233,132.45239112167167,4.258333333333334,-141.5,,,
5960.08484803019,356.557471611907,0.1659728596406824,-14.578397992560603,132.500661274807,4.258333333333334,-141.5,,,
5960.329107891299,362.517800719799,-0.1665958917398149,-14.59663117378627,132.55206798251302,4.258333333333334,-141.5,,,
5918.939753961202,368.436740473761,0.0932769439646346,-14.624368266055498,132.59901581242966,4.258333333333334,-141.5,,,
5879.330858588116,374.316071332349,0.0656315555492884,-14.651404446006232,132.64627202252333,4.258333333333334,-141.5,,,
5893.6429991723835,380.209714331521,0.0320493325883711,-14.6786618952153,132.68646950961798,4.258333333333334,-141.5,,,
5957.347222981807,386.167061554502,-0.269736881148222,-14.696310162378932,132.73777317266632,4.258333333333334,-141.5,,,
5934.628662061437,392.101690216564,-0.1138882200190111,-14.711942115117427,132.79069781963335,4.258333333333334,-141.5,,,
5892.873185735734,397.9945634023,-0.0212711108331313,-14.739923149642696,132.83450029150234,4.258333333333334,-141.5,,,
5911.283206034053,403.905846608335,0.0500381220667744,-14.7712988045963,132.87670926369265,4.258333333333334,-141.5,,,
5889.353844520079,409.795200452856,-0.102261160123725,-14.798789537813136,132.9202412027813,4.258333333333334,-141.5,,,
5837.110498110172,415.632310950966,-0.0414234724681549,-14.831873005424034,132.96076785857133,4.258333333333334,-141.5,,,
5898.017074433426,421.5303280254,-0.0268164804794368,-14.866096565622165,133.00098805216433,4.258333333333334,-141.5,,,
5922.607462861868,427.452935488262,-0.0660557445048107,-14.9004408765651,133.042555145778,4.258333333333334,-141.5,,,
5836.1779689666655,433.289113457229,0.2325712868140859,-14.9415718921699,133.0721322405037,4.258333333333334,-141.5,,,
5924.681004749929,439.21379446197903,-0.0278316032767546,-14.993663461620068,133.08149992523968,4.258333333333334,-141.5,,,
5925.366627839146,445.13916108982,-0.038624674133988,-15.0455979596891,133.07976610690665,4.258333333333334,-141.5,,,
5878.22031969335,451.01738140951295,-0.1135931347906201,-15.097030977984463,133.07520615733466,4.258333333333334,-141.5,,,
5952.04230261213,456.969423712125,0.2692409132985079,-15.148633225556932,133.08488481751664,3.590833333333333,-164.0,,,
5992.025925812009,462.961449637938,0.0275049878270524,-15.199638807551969,133.102353122825,3.590833333333333,-164.0,,,
5950.4444415490325,468.911894079487,0.0461408227931697,-15.251058097224234,133.11788419878334,3.590833333333333,-164.0,,,
5955.678911338808,474.867572990826,0.0237837077390108,-15.299955905448932,133.13968833542933,3.590833333333333,-164.0,,,
5982.671445340557,480.850244436166,-0.0538252634267978,-15.350442976447733,133.15795985143734,3.590833333333333,-164.0,,,
5963.961106667098,486.814205542834,0.0546247765797949,-15.4017163112153,133.17472060521098,3.590833333333333,-164.0,,,
5981.123259088396,492.795328801922,0.0628318856129835,-15.453831328656332,133.18787730790265,3.590833333333333,-164.0,,,
5983.251406933674,498.778580208856,0.0205280618217294,-15.506537956953473,133.19881145911134,3.590833333333333,-164.0,,,
5887.465173461364,504.666045382317,-0.0271008561060918,-15.558715242231036,133.21095439812763,3.590833333333333,-164.0,,,
5956.512493955394,510.622557876272,-0.0656742807531827,-15.605859691462465,133.23483877472435,3.590833333333333,-164.0,,,
5978.788933313941,516.601346809586,0.007929163266772,-15.645883969797705,133.27164575839532,3.590833333333333,-164.0,,,
5835.619889152981,522.436966698739,0.0182787956490499,-15.686394491910566,133.3063304009963,3.590833333333333,-164.0,,,
5938.995079108285,528.375961777847,0.0254376333127443,-15.721010431396998,133.34550397554733,3.590833333333333,-164.0,,,
5939.05984995132,534.315021627799,-0.0249417695752426,-15.7628853865571,133.37513325076063,3.590833333333333,-164.0,,,
5924.033514385801,540.239055142186,0.0705825407966511,-15.814422925060637,133.38455980548335,3.590833333333333,-164.0,,,
5900.8520366268,546.139907178811,-0.0330438657216139,-15.863148282763564,133.405475792687,3.590833333333333,-164.0,,,
5844.633989894964,551.984541168705,0.0677032237421949,-15.911098982377268,133.42470621498066,3.590833333333333,-164.0,,,
5920.128844886178,557.904670013591,-0.004478567814193,-15.9622342006425,133.43430095621898,3.590833333333333,-164.0,,,
5778.064691669195,563.68273470526,0.0089038720536067,-16.00892887042093,133.419128567575,3.590833333333333,-164.0,,,
5886.557530149564,569.56929223541,0.0302567066506322,-16.057408319676536,133.42417788485335,3.590833333333333,-164.0,,,
5936.709644061846,575.506001879471,0.0519756930101618,-16.108129578809333,133.43072113696834,3.590833333333333,-164.0,,,
5925.54010186344,581.431541981334,0.0152988439529096,-16.1611963933474,133.42807751361133,3.590833333333333,-164.0,,,
5915.469190273808,587.347011171607,0.0204940733691304,-16.21367926210247,133.4234076504923,3.590833333333333,-164.0,,,
5956.579741711301,593.303590913318,0.0655218341706858,-16.257953768113566,133.39745937597598,3.590833333333333,-164.0,,,
5896.061592490079,599.199652505808,0.096982075426713,-16.308781650899096,133.38463749747768,3.590833333333333,-164.0,,,
5958.312992285383,605.157965498092,0.1535229865841533,-16.36174716915057,133.38044951994834,3.590833333333333,-164.0,,,
5935.477472353234,611.093442970446,0.1420566597933124,-16.415069984856636,133.37898824487968,3.590833333333333,-164.0,,,
5879.333255599003,616.972776226047,0.1776471860759405,-16.466616883635567,133.38702161877697,3.590833333333333,-164.0,,,
5990.2376138358995,622.963013839882,0.0466990916782367,-16.5168252024289,133.37232461552202,3.35,-119.0,,,
5931.4899490064145,628.894503788888,-0.0567569010370547,-16.566921720449965,133.35627869213,3.35,-119.0,,,
5928.869498369606,634.823373287258,-0.183764237278955,-16.618065522763867,133.36744422248734,3.35,-119.0,,,
5952.556066359656,640.775929353618,-0.1799787324154264,-16.662298812734267,133.39806227759465,3.35,-119.0,,,
5990.653326058226,646.766582679678,-0.0305948778598212,-16.7108534257875,133.41819877127534,3.35,-119.0,,,
5972.0975072471965,652.738680186925,0.1029771479068644,-16.763859872823105,133.42790954079263,3.35,-119.0,,,
5977.38630990205,658.716066496829,-0.058286030996855,-16.817205851577498,133.4286369402743,3.35,-119.0,,,
5943.932030534084,664.659998527362,0.1657442606995365,-16.870877017384064,133.42554549425796,3.35,-119.0,,,
5942.301954379511,670.602300481742,-0.1000184653662437,-16.92398459081713,133.42428291906666,3.35,-119.0,,,
5984.073285746986,676.586373767489,0.0303417346967227,-16.977053624144403,133.43210784592932,3.35,-119.0,,,
5982.321470876096,682.568695238365,-0.0243909981596561,-17.030101952108666,133.44119884071364,3.35,-119.0,,,
5995.8494816491475,688.564544720014,-0.0905831739086418,-17.08328358020744,133.450346665167,3.35,-119.0,,,
5988.203415238794,694.552748135253,-0.0845653966967462,-17.136441418159798,133.45949125241768,3.35,-119.0,,,
5918.473042639381,700.471221177892,-0.0527521487916236,-17.189555668422198,133.4683870270853,3.35,-119.0,,,
5903.225762023969,706.374446939916,-0.0988225264983849,-17.240548097728563,133.4615843159583,3.35,-119.0,,,
5961.9601902455415,712.336407130161,0.2707476286877621,-17.291856558823433,133.44748392963768,2.4444444444444446,-119.0,,,
5900.045159448024,718.23645228961,-0.0817994282882894,-17.344824144774332,133.43989144402232,2.4444444444444446,-119.0,,,
5954.324938856716,724.190777228468,0.1341386468216855,-17.395683437208536,133.4486812684843,2.4444444444444446,-119.0,,,
5991.98725581117,730.182764484281,0.022317227347614,-17.4429099564199,133.47557580086732,2.4444444444444446,-119.0,,,
5995.483336131703,736.178247820414,-0.1849898335513075,-17.489983041706367,133.50311101353765,2.4444444444444446,-119.0,,,
5861.096463689034,742.039344284102,-0.0304639347292917,-17.5363198569683,133.53108629873333,2.4444444444444446,-119.0,,,
5861.128738008097,747.90047302211,0.0076591297446299,-17.571409902966334,133.57008980736,2.4444444444444446,-119.0,,,
5968.978920717197,753.869451942826,0.2479105637430182,-17.61361523890457,133.60258757760536,2.4444444444444446,-119.0,,,
5959.60348582109,759.829055428648,0.08463130234839,-17.6645137171332,133.61983024280835,2.4444444444444446,-119.0,,,
5976.54623683645,765.805601665485,0.0316893994434004,-17.71679756884057,133.63216232571466,2.4444444444444446,-119.0,,,
5938.686792565068,771.74428845805,-0.3398521020652414,-17.76635515375663,133.6511014756977,2.4444444444444446,-119.0,,,
5978.488753760997,777.722777211811,0.0788146565934671,-17.813789247916866,133.67437434539067,2.4444444444444446,-119.0,,,
5966.929759165458,783.689706970977,0.3265781427507746,-17.865223274403164,133.69071314308735,2.4444444444444446,-119.0,,,
5960.521694158552,789.650228665136,-0.1451309299794461,-17.915370756701,133.70977433643333,2.1486111111111112,-96.5,,,
5929.463443488376,795.579692108626,0.1883954225897217,-17.968184209028998,133.71285355355533,2.1486111111111112,-96.5,,,
5979.690275508805,801.559382384136,0.0369783300046072,-18.02147274592187,133.71155695636534,2.1486111111111112,-96.5,,,
5988.077706417804,807.547460090553,0.0661488859683781,-18.0748800295199,133.71764501779603,2.1486111111111112,-96.5,,,
5967.154518161354,813.514614608714,0.0702801421458456,-18.128244065915965,133.72432890326067,2.1486111111111112,-96.5,,,
5952.300968460799,819.466915577173,0.0547788965378161,-18.1813390365156,133.72515899170497,2.1486111111111112,-96.5,,,
5909.930619944305,825.376846197117,-0.2589707661285239,-18.229991192578964,133.74330873374336,2.1486111111111112,-96.5,,,
5966.005193575087,831.342851390692,0.0102264426306281,-18.274926131880665,133.772341102059,2.1486111111111112,-96.5,,,
5947.898194596679,837.290749585289,-0.0540249121512243,-18.32255954741277,133.79806628816834,2.1486111111111112,-96.5,,,
5819.175458142101,843.109925043432,0.4975400111192297,-18.365288778164533,133.82915683496898,2.1486111111111112,-96.5,,,
5919.533889066435,849.029458932499,0.0063514969230873,-18.413354027754668,133.84938701785632,2.1486111111111112,-96.5,,,
5724.0133280436075,854.753472260544,0.1079513059502623,-18.462404387777937,133.86293427006365,2.1486111111111112,-96.5,,,
5866.872400855735,860.620344661399,-0.270459023692104,-18.509617400379938,133.8805366703973,2.1486111111111112,-96.5,,,
5906.243774847614,866.526588436247,0.1078998587804455,-18.555611360163333,133.90800126047034,2.1486111111111112,-96.5,,,
5962.1413371106555,872.488729773358,-0.0565742334197492,-18.602968140435564,133.933212791955,2.1486111111111112,-96.5,,,
5987.689997832327,878.476419771189,-0.0269450630373221,-18.6516483206523,133.95715830650568,2.1486111111111112,-96.5,,,
5972.814694675355,884.449234465866,0.1622403981641519,-18.70022468608227,133.98148177443363,2.1486111111111112,-96.5,,,
5912.235394685949,890.361469860552,-0.1648999956209823,-18.74690364296953,134.00786113554335,2.1486111111111112,-96.5,,,
5890.024415448999,896.251494276,-0.0579803325725051,-18.791800089818533,134.03348712720066,2.1486111111111112,-96.5,,,
5948.930042712653,902.200424318713,-0.0167916024618724,-18.8079310651922,134.07445090609437,2.1486111111111112,-96.5,,,
5964.289944257016,908.16471426297,0.2021121527901131,-18.828410027167937,134.118686175941,2.4444444444444446,-96.5,,,
5948.539532708515,914.113253795678,-0.3006632669799584,-18.82053269389987,134.096566378764,2.4444444444444446,-96.5,,,
5918.51592509667,920.031769720774,0.1582594360935854,-18.807145484429128,134.052731466825,2.4444444444444446,-96.5,,,
5978.269251843736,926.010038972617,-0.0116945140925505,-18.847251187094933,134.060862469405,2.4444444444444446,-96.5,,,
5914.468078683069,931.9245070513,0.234576142767328,-18.892718354431302,134.089504561215,2.4444444444444446,-96.5,,,
5861.520379730996,937.78602743103,0.1328795338743082,-18.932112521947833,134.12030229874065,2.4444444444444446,-96.5,,,
5864.499170944708,943.650526601974,-0.3675272492469231,-18.979951289839065,134.13880214234166,2.4444444444444446,-96.5,,,
5876.086637137298,949.526613239111,0.0833270540603733,-19.029464681842537,134.14481522322265,2.4444444444444446,-96.5,,,
5817.908951532056,955.344522190642,0.1286940662850041,-19.07685969076977,134.168075973138,2.4444444444444446,-96.5,,,
5871.8501292864885,961.216372319928,-0.1961311466734133,-19.126591891450538,134.1697268916037,2.4444444444444446,-96.5,,,
5935.21272111923,967.151585041048,0.0870680770364529,-19.1793837272113,134.167135053734,2.4444444444444446,-96.5,,,
5929.540966198658,973.081126007246,0.0462784391772829,-19.231829090535133,134.17615427538567,2.4444444444444446,-96.5,,,
5964.5107854324,979.045636792679,-0.1631752739257248,-19.284552111496403,134.18451809769735,2.4444444444444446,-96.5,,,
5977.704667084634,985.023341459763,0.1230454476392516,-19.337789007067432,134.19115688582934,2.4444444444444446,-96.5,,,
5974.231777316744,990.997573237079,0.1476187215605918,-19.390918079576533,134.19985812518098,2.4444444444444446,-96.5,,,
5888.874683304238,996.886447920384,0.0791667804827955,-19.4435173367248,134.20864633598867,2.4444444444444446,-96.5,,,
5979.510238962898,1002.86595815935,0.1358167593564317,-19.496371339363566,134.21723251225268,2.4444444444444446,-96.5,,,
5900.725188276108,1008.76668334762,-0.0141507266279179,-19.54853320293823,134.22252699906733,2.4444444444444446,-96.5,,,
5854.04561183198,1014.62072895945,0.3572672454787732,-19.5917317715681,134.199273584568,2.9722222222222223,-164.0,,,
5747.806615120164,1020.36853557457,-0.2960788301329271,-19.642426071112663,134.19025704081,2.9722222222222223,-164.0,,,
5850.528989378998,1026.21906456396,-0.1043843043823447,-19.69172490232173,134.180597935852,2.9722222222222223,-164.0,,,
5916.790020948652,1032.1358545849,-0.1465851843314899,-19.742315065327567,134.19211282191,2.9722222222222223,-164.0,,,
5989.192031974427,1038.12504661688,0.013914965662283,-19.7954679104115,134.19751370635132,2.9722222222222223,-164.0,,,
5995.857461272196,1044.12090407815,0.0519771116089482,-19.849176986119897,134.20265028356536,2.9722222222222223,-164.0,,,
5974.578593184242,1050.09548267133,0.1150546424950879,-19.902746437219538,134.20780325466336,2.9722222222222223,-164.0,,,
5930.565988606913,1056.02604865994,0.0157722461638984,-19.956176003136935,134.21318358649967,2.9722222222222223,-164.0,,,
5927.394368977044,1061.95344302892,0.1035992465246717,-20.008769580168597,134.2164604042767,2.9722222222222223,-164.0,,,
5931.980605042532,1067.88542363396,0.118595572681109,-20.05933238028027,134.208456492579,2.9722222222222223,-164.0,,,
5966.636309548609,1073.85205994351,0.1229900644416002,-20.111438122158035,134.21948088530368,2.9722222222222223,-164.0,,,
5984.371656751484,1079.83643160026,-0.0929581124251864,-20.165096516421404,134.22117168077534,2.9722222222222223,-164.0,,,
5971.822630671968,1085.80825423094,-0.1197463125193652,-20.2188164093078,134.22183429744433,2.9722222222222223,-164.0,,,
5954.082288118154,1091.76233651905,-0.0936848884101857,-20.272219254692967,134.22729630519268,2.9722222222222223,-164.0,,,
5955.125708058033,1097.71746222711,0.0445565616978766,-20.325393911525733,134.23357709909402,2.9722222222222223,-164.0,,,
5979.282901293596,1103.6967451284,-0.0240105175757011,-20.37860235824523,134.240272267339,2.9722222222222223,-164.0,,,
5960.742631477102,1109.65748775988,0.1129077090390526,-20.4319490661643,134.24693791795332,2.9722222222222223,-164.0,,,
5877.732654088686,1115.53522041397,0.1811106290585846,-20.484607851893532,134.252988909707,2.9722222222222223,-164.0,,,
5851.68000667221,1121.38690042064,0.2865187811668891,-20.531157384011635,134.27027913181163,2.9722222222222223,-164.0,,,
5750.234722030749,1127.13713514268,-0.3392100588688432,-20.573799088142,134.25289496528433,2.9722222222222223,-164.0,,,
5856.876826645606,1132.99401196932,-0.1821551223845752,-20.616360762111334,134.22450570086366,2.9722222222222223,-164.0,,,
5946.044707818031,1138.94005667714,-0.0445495466480352,-20.666340642291537,134.22825866464905,5.150722222222222,-141.5,,,
5956.045688717043,1144.89610236586,0.0300240835339362,-20.718979080170595,134.239220524503,5.150722222222222,-141.5,,,
5876.579199765707,1150.77268156562,-0.0124660031504438,-20.77130782231693,134.241218312938,5.150722222222222,-141.5,,,
5958.001990457435,1156.73068355608,0.0364033198646271,-20.824081605526533,134.2396070291553,5.150722222222222,-141.5,,,
5999.950131134236,1162.73063368722,0.0989895812826341,-20.876698237544968,134.23166537710068,5.150722222222222,-141.5,,,
5997.883063023936,1168.72851675024,0.0799078261448139,-20.928887636282766,134.21701458711766,5.150722222222222,-141.5,,,
5952.853144113377,1174.68136989435,0.0738833886477943,-20.980727967289106,134.20238056959667,5.150722222222222,-141.5,,,
5987.881568385589,1180.66925146274,0.0786636822318619,-21.03271659254583,134.18753304520467,5.150722222222222,-141.5,,,
5996.325994959525,1186.66557745769,0.095336708713904,-21.084849127592932,134.17291164510766,5.150722222222222,-141.5,,,
5989.816328692327,1192.65539378639,0.0906020495442132,-21.136908957352933,134.15793887766435,5.150722222222222,-141.5,,,
5979.1562298226345,1198.63455001621,0.0909307290165919,-21.189018135719664,134.143286179701,5.150722222222222,-141.5,,,
5921.827205162246,1204.55637722137,0.0727790968609154,-21.237523291861866,134.12127274777734,5.150722222222222,-141.5,,,
5996.447779253928,1210.55282500062,0.0881450177236498,-21.275903760608937,134.0817500908487,5.150722222222222,-141.5,,,
5937.828535570317,1216.4906535362,0.0628186027802695,-21.31326805361963,134.040563153315,5.150722222222222,-141.5,,,
5982.524597669255,1222.47317813386,0.1023170862561167,-21.352913324669,134.001691855544,5.150722222222222,-141.5,,,
5974.498559891379,1228.44767669375,0.3105155485916339,-21.3926884927036,133.96275283900198,5.150722222222222,-141.5,,,
5971.663693072385,1234.41934038683,0.000379048412838,-21.437615263806833,133.93331727571464,5.150722222222222,-141.5,,,
5956.569681678126,1240.3759100685,0.1110951036896676,-21.4879821490179,133.91290269146666,5.150722222222222,-141.5,,,
5723.9544429422,1246.09986451144,0.1697202265574605,-21.52921347745154,133.884343232323,5.150722222222222,-141.5,,,
5851.643835352388,1251.95150834679,0.0436323304262444,-21.552629062930738,133.83867592207335,5.150722222222222,-141.5,,,
5854.795177509467,1257.8063035243,-0.1920221921154994,-21.5812096309125,133.79186862779835,5.150722222222222,-141.5,,,
5921.037572913835,1263.72734109721,0.2224141303290905,-21.61541568481237,133.75012970448034,5.150722222222222,-141.5,,,
5956.989145131773,1269.68433024235,-0.373532774314804,-21.663192699432333,133.747152116957,5.150722222222222,-141.5,,,
5900.126619165804,1275.58445686151,-0.102655317470834,-21.71353068210867,133.74916465319728,5.150722222222222,-141.5,,,
5927.5418653951,1281.51199872691,-0.0132843037909733,-21.74612408404657,133.70721169296633,5.150722222222222,-141.5,,,
5913.959265754856,1287.42595799267,0.0392813994259776,-21.78692562280603,133.67561411504968,5.150722222222222,-141.5,,,
5995.793086808674,1293.42175107947,0.0768127707284423,-21.831949699048067,133.64662498847233,5.150722222222222,-141.5,,,
5970.264594057104,1299.39201567353,0.1005409876650591,-21.87211300989407,133.60801935827965,5.150722222222222,-141.5,,,
5974.887206058842,1305.36690287959,0.0610291593657914,-21.907806194758233,133.56500110560668,5.150722222222222,-141.5,,,
5974.108732932204,1311.34101161252,0.0875393453702007,-21.942249982136996,133.52054399671067,5.150722222222222,-141.5,,,
5935.3039486910875,1317.27631556121,0.0897661624107001,-21.98027490705893,133.48099126316936,5.150722222222222,-141.5,,,
5923.056740236203,1323.19937230145,0.1071734155074551,-22.028904209044537,133.45962516184133,5.150722222222222,-141.5,,,
5942.200338029599,1329.14157263948,0.065045924557036,-22.077128053596,133.43562609461702,5.150722222222222,-141.5,,,
5853.435718139196,1334.99500835762,0.1014977270943516,-22.125547521106068,133.42055525334436,5.150722222222222,-141.5,,,
5910.508276899383,1340.90551663452,0.1235471125227252,-22.17335089427993,133.43056085176903,5.150722222222222,-141.5,,,
5959.306833570046,1346.86482346809,0.0808102945060608,-22.22673292376043,133.42604946754034,5.150722222222222,-141.5,,,
5971.140644531772,1352.83596411263,0.1205686704496187,-22.279674347885635,133.41879339086265,5.150722222222222,-141.5,,,
5993.128361419394,1358.82909247404,0.0859603879812107,-22.330398471094306,133.39979043398964,5.150722222222222,-141.5,,,
5994.331532098271,1364.82342400614,0.1018589897903787,-22.3809304160198,133.379512122303,5.150722222222222,-141.5,,,
5986.066857853584,1370.80949086399,0.0624618508286086,-22.431432306947396,133.35930803536868,5.150722222222222,-141.5,,,
5955.511410081212,1376.76500227407,0.1750383177324472,-22.482017071011832,133.33952130465002,5.150722222222222,-141.5,,,
5974.536581713212,1382.73953885578,0.1415753837192269,-22.53433358930863,133.329638905974,5.150722222222222,-141.5,,,
5966.271807767918,1388.70581066355,0.0139549439995243,-22.5865778814708,133.33882765505268,5.150722222222222,-141.5,,,
5948.813334544294,1394.6546239981,0.1357925894904514,-22.6385061629614,133.34999332242103,5.150722222222222,-141.5,,,
5986.9447688175305,1400.64156876692,-0.0222585852738248,-22.688689574732106,133.37023526772333,5.150722222222222,-141.5,,,
5991.2890504867455,1406.6328578174,-0.1091654724688928,-22.738807557467695,133.391656894142,5.150722222222222,-141.5,,,
5925.97494726693,1412.55883276467,0.1141471622399524,-22.788910365222065,133.412818198173,5.150722222222222,-141.5,,,
5977.093864747156,1418.53592662941,-0.0040738013743447,-22.8337281776589,133.44243178386702,5.150722222222222,-141.5,,,
5995.83528747843,1424.53176191689,-0.1364184518539117,-22.875935531476298,133.47880360025934,5.150722222222222,-141.5,,,
5875.128322208544,1430.4068902391,-0.0803143361425224,-22.918145157660263,133.51511256447333,5.150722222222222,-141.5,,,
5969.138157856218,1436.37602839695,0.074433100485263,-22.959068010167496,133.55110738375402,5.150722222222222,-141.5,,,
5988.532828459398,1442.36456122541,0.1371590411216071,-23.001272750621567,133.587364375015,5.150722222222222,-141.5,,,
5987.916613829724,1448.35247783924,0.1051818550706722,-23.04351066207637,133.62368637617502,5.150722222222222,-141.5,,,
5961.83056916058,1454.3143084084,0.0790261974992479,-23.085751018087898,133.65992945891898,5.150722222222222,-141.5,,,
5971.737147263099,1460.28604555567,0.1675104547488831,-23.127854495417935,133.69597366712566,5.150722222222222,-141.5,,,
5980.898656131048,1466.2669442118,0.0767978055577255,-23.17006284921427,133.73215310122734,5.150722222222222,-141.5,,,
5848.207495090835,1472.11515170689,0.043169005212919,-23.214539993129964,133.76063833472833,5.150722222222222,-141.5,,,
5916.316094098854,1478.03146780099,-0.0514956359404014,-23.265427811675867,133.775992426934,5.150722222222222,-141.5,,,
5974.810082028903,1484.00627788301,0.136742105142401,-23.3168088355089,133.79229347491733,5.150722222222222,-141.5,,,
5984.95723452693,1489.99123511754,-0.0208786152407595,-23.3683655992356,133.809110397254,5.150722222222222,-141.5,,,
5977.34582201818,1495.96858093956,-0.0199045618903285,-23.419943619239863,133.82591970526698,5.150722222222222,-141.5,,,
5950.158686574084,1501.91873962614,0.163182442929241,-23.471193147302632,133.84263573403834,5.150722222222222,-141.5,,,
5909.215955625938,1507.82795558176,-0.1168987408500944,-23.522469038698834,133.85941583475602,5.150722222222222,-141.5,,,
5891.811095087512,1513.71976667685,-0.4679419142010979,-23.573393802534767,133.87439241037902,2.6805555555555554,-119.0,,,
5681.5387132627475,1519.40130539012,-0.3267526810559603,-23.622777989330096,133.8724991399573,2.6805555555555554,-119.0,,,
5450.4982480242525,1524.85180363814,-0.548942661538326,-23.66738337624164,133.8676155447413,2.6805555555555554,-119.0,,,
5179.948294858381,1530.031751933,-0.1785709505724225,-23.7095006415222,133.872468075959,2.6805555555555554,-119.0,,,
5654.961335196585,1535.68671326819,-0.141197767002641,-23.7535624734596,133.87061985906033,2.6805555555555554,-119.0,,,
5711.684516201669,1541.3983977844,-0.0600168201820459,-23.7968602049497,133.86498761875868,2.6805555555555554,-119.0,,,
5930.958132174261,1547.32935591657,0.0620400379775356,-23.8348741917408,133.82718426484436,2.6805555555555554,-119.0,,,
5968.078189336524,1553.29743410591,0.195794331288779,-23.8769320519992,133.7909666749883,2.6805555555555554,-119.0,,,
5973.790589534363,1559.27122469544,0.2932199917325243,-23.918483309315032,133.75389053199936,2.6805555555555554,-119.0,,,
5949.437146819557,1565.22066184227,0.0599108332908982,-23.957826580018537,133.7140003904477,2.6805555555555554,-119.0,,,
5906.142150798831,1571.12680399307,-0.2098072786597886,-23.994409353652067,133.67154149812666,2.6805555555555554,-119.0,,,
5973.148428816476,1577.09995242188,0.0367591990779623,-24.03633334553984,133.63605760847202,2.6805555555555554,-119.0,,,
5937.262925962596,1583.03721534785,0.0757406540597475,-24.07537143592913,133.596522882554,2.6805555555555554,-119.0,,,
5971.0923499254195,1589.00830769777,-0.2671453950168084,-24.1122926559862,133.554560081877,2.6805555555555554,-119.0,,,
5898.390361119925,1594.90669805889,-0.0304741540834495,-24.1517724675317,133.51541759049832,2.6805555555555554,-119.0,,,
5934.633320907764,1600.8413313798,-0.3127035042236354,-24.1968846271398,133.48557898748,2.6805555555555554,-119.0,,,
5845.551405192164,1606.686882785,-0.2120161431324292,-24.238598225393737,133.45145246743633,2.6805555555555554,-119.0,,,
5801.376333694673,1612.48825911869,-0.0089053375092991,-24.284090851709635,133.43475921236436,2.6805555555555554,-119.0,,,
5798.532882525493,1618.28679200121,-0.3460176202158574,-24.326902955002662,133.45826953013665,2.572222222222222,-96.5,,,
5810.626644862683,1624.09741864608,0.0396211455613293,-24.359920019222567,133.43106283095366,2.572222222222222,-96.5,,,
5965.640361800543,1630.06305900788,-0.1778698098044955,-24.400030559302067,133.393757369944,2.572222222222222,-96.5,,,
5931.3192680087905,1635.99437827588,-0.1909840439233587,-24.439647184984636,133.35500192969766,2.572222222222222,-96.5,,,
5891.807932510821,1641.88618620839,-0.0451430583384222,-24.4694807908118,133.30780504980297,2.572222222222222,-96.5,,,
5730.260627897268,1647.61644683629,-0.1359623531353287,-24.50292415650873,133.267082569311,2.572222222222222,-96.5,,,
5732.253355901528,1653.3487001922,-0.0076986904861685,-24.546063089482132,133.24195643376368,2.572222222222222,-96.5,,,
5845.254636451757,1659.19395482865,0.0527262666776612,-24.5926304537938,133.22659644487234,2.572222222222222,-96.5,,,
5899.954015838704,1665.09390884449,0.201248887400492,-24.643197606151336,133.21064134026,3.2444444444444445,-96.5,,,
5889.392126586425,1670.98330097107,-0.3091457515148307,-24.690836501436163,133.19073167465672,3.2444444444444445,-96.5,,,
5697.49364176224,1676.68079461283,-0.0762849553879431,-24.739061013864703,133.183033700797,3.2444444444444445,-96.5,,,
5900.758144818297,1682.58155275765,0.1284625377096064,-24.788847037220464,133.18176205484667,3.2444444444444445,-96.5,,,
5931.142270196791,1688.51269502785,-0.069092209460612,-24.840695197981,133.19186924730232,3.2444444444444445,-96.5,,,
5949.6220064085865,1694.46231703426,-0.055764498903317,-24.893855827833136,133.19557211164934,3.2444444444444445,-96.5,,,
5922.079145495209,1700.38439617975,-0.0123668846305418,-24.9466931468868,133.19553077452665,3.2444444444444445,-96.5,,,
5996.6289478183735,1706.38102512757,0.2475523709871152,-25.000180048649565,133.1990273705103,3.2444444444444445,-96.5,,,
5943.009609910587,1712.32403473748,0.0934215162480061,-25.053751562178636,133.20160743421164,3.2444444444444445,-96.5,,,
5938.108022287914,1718.26214275977,0.0646815291502022,-25.106449707945096,133.19797084594902,3.2444444444444445,-96.5,,,
5938.489402198206,1724.20063216197,-0.3362238162402633,-25.15882541714597,133.19572607586665,3.2444444444444445,-96.5,,,
5826.269124792162,1730.02690128676,-0.0999520172833769,-25.211266757514167,133.20348109771734,3.2444444444444445,-96.5,,,
5943.235089778345,1735.97013637654,-0.0779721495787833,-25.263731531419634,133.2090846004093,3.2444444444444445,-96.5,,,
5934.46016003891,1741.90459653658,0.0655510728350037,-25.315678440817337,133.19946646639397,4.365555555555556,-74.0,,,
5915.188915183864,1747.81978545176,0.1506143811363122,-25.3683082997437,133.192298146572,4.365555555555556,-74.0,,,
5913.14820606564,1753.73293365783,0.1212743706290539,-25.4198388755204,133.20278109145036,4.365555555555556,-74.0,,,
5935.594703779354,1759.6685283616,0.1392445036063778,-25.471103144226568,133.218121341602,4.365555555555556,-74.0,,,
5933.570742527456,1765.60209910413,-0.0082958943896053,-25.5231521909676,133.22086161576,4.365555555555556,-74.0,,,
5896.975634792363,1771.49907473893,0.1923237117794741,-25.5752026000441,133.2105118902457,4.365555555555556,-74.0,,,
5907.448681576848,1777.4065234205,0.1537515569498288,-25.627858186694738,133.214881987709,4.365555555555556,-74.0,,,
5952.510524517234,1783.35903394502,0.0846900424775077,-25.676021715537537,133.23838287683637,4.365555555555556,-74.0,,,
5975.330605855028,1789.33436455088,0.0799613883241567,-25.722620781231637,133.267826363551,4.365555555555556,-74.0,,,
5901.556300245735,1795.23592085112,0.3064110670930156,-25.771142570449765,133.29090203798702,4.365555555555556,-74.0,,,
5782.338650616877,1801.01825950174,-0.2682311645703265,-25.822306110802227,133.292883770488,4.365555555555556,-74.0,,,
5859.525414575749,1806.87778491632,-0.0311905037739412,-25.86849690444987,133.28139959169735,4.365555555555556,-74.0,,,
5912.743369540273,1812.79052828586,0.1500042146391293,-25.913402651327996,133.25139131650633,4.365555555555556,-74.0,,,
5907.208501815236,1818.69773678768,0.1041562983091314,-25.960609876509963,133.22519554497964,4.365555555555556,-74.0,,,
5812.074189698953,1824.50981097737,-0.1004099232672636,-26.005672241592464,133.19662326046333,4.365555555555556,-74.0,,,
5898.454393862274,1830.40826537123,-0.1505396541200459,-26.05743015826136,133.19320675799997,4.048611111111111,-51.5,,,
5880.105690661641,1836.28837106189,-0.1689993756309108,-26.1102367604932,133.19937216678167,4.048611111111111,-51.5,,,
5991.876019869592,1842.28024708176,-0.1512816419274175,-26.1633474932888,133.19501128939697,4.048611111111111,-51.5,,,
5962.572606004378,1848.24281968777,-0.0920583426942592,-26.2168179962475,133.18873392941902,4.048611111111111,-51.5,,,
5909.554856080368,1854.15237454385,-0.1505705034828503,-26.269871638046663,133.18754957957964,4.048611111111111,-51.5,,,
5868.015856437774,1860.02039040028,-0.1348886740357628,-26.322530337720867,133.19463738331933,4.048611111111111,-51.5,,,
5857.8482455803205,1865.87823864586,-0.0705619976694738,-26.3683083237925,133.22134934151364,4.048611111111111,-51.5,,,
5984.30956166836,1871.86254820753,-0.1289563474106329,-26.416723179609836,133.24416978257432,4.048611111111111,-51.5,,,
5908.562725432527,1877.77111093296,0.1010787949599853,-26.468349824294165,133.25725650267933,4.048611111111111,-51.5,,,
5964.88701528798,1883.73599794825,0.0060337929568703,-26.521713790207603,133.25505253108904,4.048611111111111,-51.5,,,
5827.6493196582505,1889.56364726791,-0.0395335777813777,-26.574515128778796,133.251937999714,3.576333333333333,106.0,,,
5880.902683798033,1895.44454995171,-0.193199151737373,-26.62310604131663,133.27053400657,3.576333333333333,106.0,,,
5856.477340925172,1901.30102729263,-0.0413326556536767,-26.6727633695624,133.29015736893203,3.576333333333333,106.0,,,
5931.0260808886,1907.23205337352,-0.0099249157943803,-26.7221059114412,133.31135505696966,3.576333333333333,106.0,,,
5889.664257239454,1913.12171763076,-0.0447611035298032,-26.77354345902843,133.32501388137965,3.576333333333333,106.0,,,
5812.860120389816,1918.93457775114,0.2217048041764954,-26.825292396935136,133.33347236038065,3.576333333333333,106.0,,,
5869.990720389605,1924.80456847153,-0.0762188058486358,-26.86292321223463,133.36893455407596,3.576333333333333,106.0,,,
5786.037471009916,1930.59060594254,-0.1414881343204552,-26.91194857528724,133.37749029422932,3.576333333333333,106.0,,,
5745.491461402635,1936.33609740394,-0.0979913480243517,-26.960687856019437,133.3866587783067,3.576333333333333,106.0,,,
5871.010522367558,1942.20710792631,-0.1598738535943023,-26.99988530576596,133.41876350630304,3.576333333333333,106.0,,,
5966.575365110363,1948.17368329142,0.1429671131866924,-27.04700438391427,133.446852821098,3.576333333333333,106.0,,,
5845.003339807405,1954.01868663123,-0.0629499542096703,-27.094568821429935,133.47338647919935,3.576333333333333,106.0,,,
5824.651541566687,1959.8433381728,-0.1081926176313131,-27.13333067073244,133.5107235548787,3.576333333333333,106.0,,,
5805.448988312552,1965.64878716111,-0.2161921243048855,-27.179448293517968,133.533484868475,3.576333333333333,106.0,,,
5813.826355202144,1971.46261351631,-0.0349100579459178,-27.22730005123767,133.55614403650097,3.576333333333333,106.0,,,
5820.20282042694,1977.28281633673,-0.1523240959676902,-27.26983266518687,133.58982728801067,5.738888888888889,-29.0,,,
5808.40284610299,1983.09121918284,0.0014683218551204,-27.31034450694013,133.626924813883,5.738888888888889,-29.0,,,
5949.365879226267,1989.04058506207,-0.1091428632934904,-27.35492330284814,133.65849855834134,5.738888888888889,-29.0,,,
5874.280284954113,1994.91486534702,-0.15523388741796,-27.400358544231775,133.68949693922804,5.738888888888889,-29.0,,,
5786.939427118763,2000.70180477414,-0.0958768969951121,-27.442443965230098,133.72451270920803,5.738888888888889,-29.0,,,
5933.804664015129,2006.63560943816,0.1389223543578922,-27.48402318632634,133.76045236765302,5.738888888888889,-29.0,,,
5915.179436514665,2012.55078887467,-0.0814872006204002,-27.525636251076037,133.79793455440804,5.738888888888889,-29.0,,,
5979.934952920928,2018.5307238276,0.0072975127385642,-27.570138859223263,133.8313616410103,4.398611111111112,-74.0,,,
5877.854471010612,2024.40857829861,0.0057651932640025,-27.6136614864906,133.86611309288168,4.398611111111112,-74.0,,,
5955.344033622267,2030.36392233223,0.1016265207015894,-27.650077084127407,133.90959776735667,4.398611111111112,-74.0,,,
5815.137056776071,2036.17905938901,0.1164762324358622,-27.68900077927263,133.9491289688683,4.398611111111112,-74.0,,,
5835.049752377347,2042.01410914139,0.0154537634512454,-27.73174548703287,133.981983604735,4.398611111111112,-74.0,,,
5791.785346074594,2047.80589448746,-0.2040927452586629,-27.775867184541603,134.0124481634997,4.398611111111112,-74.0,,,
5941.410011106267,2053.74730449857,-0.0636118225889453,-27.82637383753673,134.02452778781236,4.398611111111112,-74.0,,,
5908.094783271386,2059.65539928184,-0.0509331037919996,-27.87715530408203,134.0428209827307,4.398611111111112,-74.0,,,
5942.168846918075,2065.59756812876,-0.048176612227931,-27.923825532155533,134.071221694079,4.398611111111112,-74.0,,,
5784.020379597616,2071.38158850835,-0.0324468117615886,-27.968661456884465,134.10253893541,4.398611111111112,-74.0,,,
5831.313787362691,2077.21290229571,0.043438719129281,-28.018850414094832,134.11130904181837,4.398611111111112,-74.0,,,
5736.1676858285455,2082.94906998154,0.0158833739404201,-28.069241675647767,134.11291371286268,4.398611111111112,-74.0,,,
5797.656936954774,2088.7467269185,-0.1073969976777449,-28.11623411710283,134.13281769585933,4.398611111111112,-74.0,,,
5844.217866295776,2094.59094478479,-0.0226898135634399,-28.168120192260297,134.13355237732566,4.398611111111112,-74.0,,,
5877.63295953221,2100.46857774432,0.0746153332245622,-28.21864050711174,134.14957231935668,4.398611111111112,-74.0,,,
5934.357789806225,2106.40293553413,0.0384005939027405,-28.2710155476016,134.15669718677566,4.398611111111112,-74.0,,,
5899.93168105489,2112.30286721518,-0.1045276639065974,-28.323437824116635,134.16702688924872,4.398611111111112,-74.0,,,
5869.281953374186,2118.17214916855,0.0286515820372106,-28.374862665712232,134.18110489539364,4.398611111111112,-74.0,,,
5709.71582268633,2123.88186499124,-0.100736053317849,-28.42590762636583,134.189333097098,4.398611111111112,-74.0,,,
5726.0845858512475,2129.6079495771,0.0298125101418518,-28.473366263986804,134.20150321958198,4.398611111111112,-74.0,,,
5824.192947268868,2135.43214252437,0.1758813361339412,-28.518312462861733,134.2280087998137,4.398611111111112,-74.0,,,
5762.869660854244,2141.19501218522,-0.0940790164780785,-28.560895916835033,134.261010659366,4.398611111111112,-74.0,,,
5749.70434304663,2146.94471652827,-0.0398558667429338,-28.600965872393232,134.29669394352666,4.398611111111112,-74.0,,,
5744.942846789254,2152.68965937505,0.0749656053663322,-28.635222187039737,134.33803287591698,4.398611111111112,-74.0,,,
5691.597777400268,2158.38125715245,-0.0698336632286861,-28.658657621068137,134.38844713633634,4.398611111111112,-74.0,,,
5735.138908241605,2164.11639606069,-0.1953245936547084,-28.684438872849267,134.43718880578902,4.398611111111112,-74.0,,,
5809.780755785017,2169.92617681648,0.0553571314273756,-28.724216845412705,134.47393744162235,4.398611111111112,-74.0,,,
5828.171784063938,2175.75434860055,-0.2152000337380121,-28.76542167251766,134.51005340492767,4.398611111111112,-74.0,,,
5750.708928521053,2181.50505752907,0.0023915562834895,-28.80615833731883,134.5446081016503,4.398611111111112,-74.0,,,
5778.8997316749865,2187.28395726074,-0.1294868355441797,-28.84387255521477,134.58312445085863,3.048611111111111,61.0,,,
5851.9688648856245,2193.13592612562,0.0937098446751014,-28.8805872557645,134.62405355982332,3.048611111111111,61.0,,,
5881.440697460404,2199.01736682309,-0.0972550528877069,-28.9229181397678,134.659109012896,3.048611111111111,61.0,,,
5786.102603970098,2204.80346942706,0.022809298352175,-28.970060001509736,134.68280096542134,3.048611111111111,61.0,,,
5673.944207587571,2210.47741363463,0.0271039376136887,-29.010697919053104,134.711015906117,3.048611111111111,61.0,,,
5280.953687039418,2215.75836732167,-0.0316166335533163,-29.019542950077593,134.751764257996,3.048611111111111,61.0,,,
5808.092980236692,2221.56646030192,-0.1614432545891554,-29.03825699898596,134.7905061965263,3.048611111111111,61.0,,,
5812.685399988886,2227.3791457019,-0.003657113408231,-29.070079545283132,134.83756000553734,4.5,-164.0,,,
5827.27127697317,2233.20641697887,0.1648832242812157,-29.09828025865773,134.88686238146303,4.5,-164.0,,,
5834.458313172794,2239.04087529204,-0.0279431720931674,-29.1417375572226,134.917675169816,4.5,-164.0,,,
5727.222171423669,2244.76809746347,-0.1590508462453742,-29.18652955541704,134.94592229076133,4.5,-164.0,,,
5929.883983949015,2250.69798144742,0.0922417683232136,-29.23607785693216,134.95950727241498,4.5,-164.0,,,
5965.056960203739,2256.66303840762,-0.2182637657030383,-29.288726414093,134.96983751516163,4.5,-164.0,,,
5875.1884108669055,2262.53822681849,0.0740556066357383,-29.34073022829713,134.982928759038,4.5,-164.0,,,
5866.965803233212,2268.40519262172,0.0006198634629114,-29.39096345962474,134.9983640188673,4.5,-164.0,,,
5870.248227094606,2274.27544084881,-0.0291079745880177,-29.441419835854127,135.014919100755,4.5,-164.0,,,
5878.5698635132085,2280.15401071233,-0.1031140748577584,-29.492008001887232,135.026358590418,4.5,-164.0,,,
5860.449884411339,2286.01446059674,0.0100014985103048,-29.536565395791538,135.05762686676334,4.201388888888889,-186.5,,,
5851.7992725294425,2291.86625986926,0.1421958690642198,-29.583192480317933,135.08045849034335,4.201388888888889,-186.5,,,
5830.88819766073,2297.69714806693,0.2598570906454532,-29.62003991606563,135.12229498743633,4.201388888888889,-186.5,,,
5869.728006967776,2303.5668760739,0.074562022775662,-29.667966341185803,135.13405109671902,4.201388888888889,-186.5,,,
5884.935581978109,2309.45181165587,-0.2329405607198598,-29.72011568949696,135.125774231516,4.201388888888889,-186.5,,,
5880.014850343329,2315.33182650622,-0.1897485630631888,-29.772110233011997,135.11963637419902,4.201388888888889,-186.5,,,
5750.8271518997535,2321.08265365811,-0.1317169529494545,-29.824454991955804,135.12246695181972,4.201388888888889,-186.5,,,
5846.145736592764,2326.92879939471,0.0065472834754737,-29.874255171752267,135.1303520899447,4.201388888888889,-186.5,,,
5845.714076038167,2332.77451347074,-0.0191937839449692,-29.921800052037604,135.15561485885567,4.201388888888889,-186.5,,,
5874.034074951099,2338.64854754569,-0.0621517459644787,-29.9724923155598,135.17035814067734,4.201388888888889,-186.5,,,
5829.730230759249,2344.47827777646,0.0639579720124118,-30.021573802313625,135.191384158954,2.977777777777778,-51.5,,,
5967.91923545657,2350.44619701191,0.0009978572547282,-30.07412085565381,135.195218261913,2.977777777777778,-51.5,,,
5988.188989361847,2356.43438600131,0.0765081026411414,-30.12790397443846,135.19520079445132,2.977777777777778,-51.5,,,
5733.9489733716255,2362.16833497468,0.0468891695125034,-30.179346224831097,135.20246367552667,2.977777777777778,-51.5,,,
5877.71026993773,2368.04604524462,-0.0290120734293403,-30.218114324975364,135.24050318221066,2.977777777777778,-51.5,,,
5907.8408752579935,2373.95388611987,-0.1303376119022562,-30.262876565567137,135.27119536505168,2.977777777777778,-51.5,,,
5882.913872735697,2379.83679999261,0.0675413482516702,-30.311947868138336,135.29351138883968,2.977777777777778,-51.5,,,
5831.872798559532,2385.66867279117,-0.079861124457666,-30.356586434213433,135.32471332360035,2.977777777777778,-51.5,,,
5795.356356506836,2391.46402914767,-0.0707329486211976,-30.404334107327134,135.344335997604,2.977777777777778,-51.5,,,
5915.86798821133,2397.37989713588,-0.0479045879532215,-30.455442560136397,135.35014082318833,2.977777777777778,-51.5,,,
5886.243761909932,2403.26614089779,-0.1042062700219406,-30.5080364342474,135.34876603454532,2.977777777777778,-51.5,,,
5861.508663030263,2409.12764956082,-0.0602920301091867,-30.556110554418662,135.37079035103034,2.977777777777778,-51.5,,,
5793.225470261916,2414.92087503108,-0.0606583462685143,-30.606364424933897,135.38708664902234,2.977777777777778,-51.5,,,
5817.561226799406,2420.73843625789,0.1454894621553826,-30.652544513126607,135.41362898312465,2.8472222222222223,128.5,,,
5852.001283855691,2426.59043754174,0.0774008956604951,-30.689105935031137,135.45668338419534,2.8472222222222223,128.5,,,
5799.800646473001,2432.39023818821,-0.0642129560610728,-30.728907162648568,135.4950677777587,2.8472222222222223,128.5,,,
5833.934768094745,2438.2241729563,-0.1932694302331475,-30.775732705168465,135.51929015234865,2.8472222222222223,128.5,,,
5722.877281866266,2443.94705023817,0.1267811331963678,-30.819014423432066,135.54931887831734,2.8472222222222223,128.5,,,
5760.192609534339,2449.70724284772,-0.0873509036230014,-30.85670996442279,135.58912938128765,2.8472222222222223,128.5,,,
5796.329649053383,2455.50357249676,-0.0480468979565156,-30.877238491543068,135.64289807020634,2.8472222222222223,128.5,,,
5782.375019338599,2461.28594751611,0.032912794107496,-30.905228186858135,135.69123846572165,2.8472222222222223,128.5,,,
5775.90222692295,2467.06184974303,0.0782174620340983,-30.9447475983332,135.72996277442763,2.8472222222222223,128.5,,,
5767.237446298912,2472.82908718933,0.128161436945946,-30.989293336251432,135.75984382677467,2.8472222222222223,128.5,,,
5805.854779364828,2478.6349419687,0.2471425368862817,-31.026685421512095,135.800591894817,3.1666666666666665,-6.5,,,
5747.562758878636,2484.38250472758,-0.25503547124161,-31.066142818178,135.83632199810734,3.1666666666666665,-6.5,,,
5695.415109065652,2490.07791983664,-0.0278955128566863,-31.098380746269935,135.88117301175967,3.1666666666666665,-6.5,,,
5830.175777103892,2495.90809561374,0.1373163246190055,-31.1201529963424,135.93505219893768,3.1666666666666665,-6.5,,,
5902.53534450745,2501.81063095825,-0.0340820147013142,-31.13466401235197,135.99436429350197,3.1666666666666665,-6.5,,,
5849.137271774476,2507.65976823003,-0.0556890512815592,-31.156564079146605,136.04995585477567,3.1666666666666665,-6.5,,,
5859.571643851309,2513.51933987388,-0.0449588534133293,-31.167220688039095,136.10918168767563,3.1666666666666665,-6.5,,,
5903.181597525354,2519.42252147141,-0.0875760360354264,-31.179390014583163,136.16928091924265,3.1666666666666665,-6.5,,,
5783.974354607883,2525.20649582602,-0.2125859096802801,-31.185108315037336,136.22950382636068,3.1666666666666665,-6.5,,,
5872.195346051384,2531.07869117207,-0.0902255401190271,-31.198562676845704,136.2879540952863,3.1666666666666665,-6.5,,,
5870.256430359328,2536.94894760243,-0.0643208002829728,-31.22274008664083,136.342406839082,5.583333333333333,-6.5,,,
5649.497752606752,2542.59844535503,0.0493838841352152,-31.23418434273484,136.39924200539733,5.583333333333333,-6.5,,,
5752.701806908906,2548.35114716194,-0.1982194499839541,-31.232306633336204,136.45873598010766,5.583333333333333,-6.5,,,
5742.020744407626,2554.09316790634,0.3501326157660642,-31.249159147891294,136.512551844063,5.583333333333333,-6.5,,,
5705.363390333974,2559.79853129668,0.7407720920514783,-31.2525706070667,136.569841643955,5.583333333333333,-6.5,,,
5875.13385863565,2565.67366515531,-0.0384721675399607,-31.26708467057507,136.62665813781433,5.583333333333333,-6.5,,,
5888.103194737949,2571.56176835005,-0.0643366418545102,-31.25917702002476,136.68655849865002,5.583333333333333,-6.5,,,
5796.234669945285,2577.35800301999,0.0072010997848961,-31.248634671898436,136.746102084788,5.583333333333333,-6.5,,,
5754.530010988548,2583.11253303098,-0.1594772210121877,-31.260596400735437,136.80263893389832,5.583333333333333,-6.5,,,
5881.908669918792,2588.9944417009,0.0298368766680896,-31.300266519702532,136.84104597862134,5.583333333333333,-6.5,,,
5814.92949995149,2594.80937120086,0.1427976760359564,-31.343685034934733,136.87609959053864,5.583333333333333,-6.5,,,
5867.495977851697,2600.67686717871,-0.598696093043022,-31.37756129217237,136.92074209113665,5.583333333333333,-6.5,,,
5834.696927041029,2606.51156410575,-0.5463552278495878,-31.403095282034663,136.97473237440167,5.583333333333333,-6.5,,,
5788.05753339725,2612.29962163914,0.1372758843043856,-31.44078402888813,137.00989724954434,5.583333333333333,-6.5,,,
5811.580687855836,2618.11120232699,0.2176676503270294,-31.470725883675495,137.057576330325,5.583333333333333,-6.5,,,
5822.8248670014655,2623.93402719399,0.3661108870625257,-31.504927907789497,137.10189413073235,5.583333333333333,-6.5,,,
5738.170729275307,2629.67219792326,0.1364181103598372,-31.549095508810392,137.126896107446,5.583333333333333,-6.5,,,
5934.3310387323745,2635.606528962,-0.430184888693143,-31.5987655134899,137.14166532223933,5.120277777777777,-29.0,,,
5852.18695351986,2641.45871591552,-0.243175502720383,-31.650350561838263,137.15442537272304,5.120277777777777,-29.0,,,
5667.5487491531185,2647.12626466467,-0.2131811999580496,-31.687134082469903,137.191161202505,5.120277777777777,-29.0,,,
5739.49207162346,2652.8657567363,0.1535529278376736,-31.719707812823337,137.233127297445,5.120277777777777,-29.0,,,
5920.9095017497275,2658.78666623805,0.145525690780387,-31.759727448132537,137.27265841492235,5.120277777777777,-29.0,,,
5950.757514608271,2664.73742375266,-0.0501520109902361,-31.803046601073767,137.3076904062207,5.120277777777777,-29.0,,,
5965.097183785274,2670.70252093644,-0.087092967552173,-31.851359420075703,137.33493992012802,5.120277777777777,-29.0,,,
5950.165216624354,2676.65268615307,0.0807770072101028,-31.899758175825166,137.36225668696298,5.120277777777777,-29.0,,,
5911.275432653942,2682.56396158572,0.3266737467362204,-31.94758501061063,137.38858940566502,5.120277777777777,-29.0,,,
5976.587007274592,2688.540548593,-0.0214427649027545,-31.99444112794377,137.41933703272366,5.120277777777777,-29.0,,,
5893.420564558664,2694.43396915755,-0.4316795932808505,-32.0423334237088,137.44399823353,5.120277777777777,-29.0,,,
5978.586919756597,2700.41255607731,-0.28537191219151,-32.09515561557896,137.44224150371164,5.120277777777777,-29.0,,,
5830.868712658609,2706.24342478997,0.0238956453630749,-32.1442970521369,137.45305757409096,5.120277777777777,-29.0,,,
5962.50004101971,2712.20592483099,-0.0308376686400977,-32.18616156343293,137.49210067384038,5.120277777777777,-29.0,,,
5940.247454649619,2718.14617228564,-0.0215756793936824,-32.227734730632235,137.5318721872977,5.120277777777777,-29.0,,,
5922.268927923909,2724.06844121356,-0.023790991814849,-32.27215980479466,137.5657806880203,3.076388888888889,-51.5,,,
5913.30625193328,2729.9817474655,-0.0551484698546908,-32.321079245071964,137.5904255104207,3.076388888888889,-51.5,,,
5855.553633115133,2735.83730109861,0.0706551076006091,-32.36717989540956,137.61867670829733,3.076388888888889,-51.5,,,
5903.653272279117,2741.74095437089,-0.3299895695813996,-32.40676476285993,137.66056441251635,3.076388888888889,-51.5,,,
5759.7849625618765,2747.50073933345,-0.0329033569603869,-32.44241176633723,137.704800245381,3.076388888888889,-51.5,,,
5616.690541137732,2753.11742987459,0.0190266719475191,-32.475706401995026,137.75000030880366,3.076388888888889,-51.5,,,
5582.708233768279,2758.70013810836,0.0167215260521486,-32.5070356554779,137.79346776169967,3.076388888888889,-51.5,,,
5792.669213217376,2764.49280732157,0.1052197961682719,-32.535045568339235,137.8433064535287,3.076388888888889,-51.5,,,
5918.96156157234,2770.41176888314,0.0689316182345122,-32.57652639899007,137.88005151444568,3.076388888888889,-51.5,,,
5779.441801606166,2776.19121068474,0.0535989065289439,-32.622105548274206,137.91185941870364,3.076388888888889,-51.5,,,
5848.9237251834775,2782.04013440993,0.2085654472613965,-32.6705883756862,137.93336345753,3.9166666666666665,106.0,,,
5737.348218741602,2787.77748262867,-0.5069287589422852,-32.72118669878526,137.94136867328734,3.9166666666666665,106.0,,,
5839.95640809468,2793.61743903677,0.30182523060165,-32.771644352397296,137.95313721756835,3.9166666666666665,106.0,,,
5762.514207557431,2799.37995324434,0.1719734411405629,-32.82037020768607,137.97291761587368,3.9166666666666665,106.0,,,
5926.649155563201,2805.3066023999,-0.3215532383033354,-32.87117520811113,137.98216806346431,3.9166666666666665,106.0,,,
5985.265983745383,2811.29186838365,-0.0296545371424166,-32.92491232496797,137.98238772554834,3.9166666666666665,106.0,,,
5718.351838044884,2817.01022022169,-0.1007549537036375,-32.976865457903635,137.98636429162133,3.9166666666666665,106.0,,,
5683.259853957636,2822.69348007565,-0.055931807748829,-33.018181623432405,138.01484358183131,3.9166666666666665,106.0,,,
5709.298190036148,2828.40277826569,-0.0088974767235656,-33.064280018486,138.0400774820237,3.9166666666666665,106.0,,,
5674.891897937017,2834.07767016363,0.1151764840741767,-33.10979732716483,138.06528346750798,3.9166666666666665,106.0,,,
5713.007018782178,2839.79067718241,-0.1176297792260415,-33.1603465491417,138.06810631725432,3.9166666666666665,106.0,,,
5686.738369166895,2845.47741555158,0.3301916166340103,-33.20367764439593,138.0863300259873,3.9166666666666665,106.0,,,
5790.214478318447,2851.2676300299,0.6059941034551027,-33.243024183972196,138.12609759492634,3.9166666666666665,106.0,,,
5786.121412464937,2857.05375144237,0.4498481231072377,-33.2842717510842,138.161569116581,4.197222222222222,83.5,,,
5776.911529275255,2862.83066297164,-0.5127558413523657,-33.33052027219087,138.1809916655287,4.197222222222222,83.5,,,
5869.312830912255,2868.69997580255,-0.2762000109305973,-33.38197491252767,138.172097739631,4.197222222222222,83.5,,,
5864.436740072837,2874.56441254263,0.044934485019757,-33.432383271839896,138.156952450676,4.197222222222222,83.5,,,
5898.550257961352,2880.46296280059,0.1021385232820617,-33.48143126556416,138.17256316547164,4.197222222222222,83.5,,,
5816.554667203312,2886.2795174678,0.0916602034318677,-33.52672558079627,138.20268764790868,4.197222222222222,83.5,,,
5894.859985931118,2892.17437745373,0.2495265856880223,-33.57389593040327,138.22391886706237,4.197222222222222,83.5,,,
5884.6990048477255,2898.05907645857,0.0515468255254047,-33.626778193293895,138.22635390223667,4.197222222222222,83.5,,,
5870.398931669178,2903.92947539024,0.1855757093322333,-33.67853094439617,138.21849497021802,4.197222222222222,83.5,,,
5914.826474038213,2909.84430186428,-0.1103653461171801,-33.73068196939587,138.21062893995935,4.197222222222222,83.5,,,
5670.559496266431,2915.51486136054,-0.2856524467228722,-33.78197102326854,138.21025644981333,4.197222222222222,83.5,,,
5804.11880687451,2921.31898016742,-0.1181012981724921,-33.83034068162867,138.198783961847,4.197222222222222,83.5,,,
5810.418650425808,2927.12939881784,-0.0332839909650829,-33.87884059746227,138.17596343096133,4.197222222222222,83.5,,,
5710.220320652435,2932.83961913849,0.0894045267208126,-33.92828664397267,138.16406459846334,4.197222222222222,83.5,,,
5842.319711612674,2938.68193885011,0.2584342283911667,-33.9710747485153,138.19286131162568,4.197222222222222,83.5,,,
5813.214912603304,2944.49515376271,-0.4787079327363512,-34.01592132203253,138.21337714169098,3.794444444444444,16.0,,,
5921.493138960974,2950.41664690168,-0.5451737556364505,-34.067533910460796,138.2050583917137,3.794444444444444,16.0,,,
5971.58098755591,2956.38822788923,-0.0147930848335135,-34.11786300842633,138.184218403732,3.794444444444444,16.0,,,
5643.515087240361,2962.03174297646,-0.0688227283153421,-34.16541700276014,138.16037318151467,3.794444444444444,16.0,,,
5623.246677677234,2967.65498965414,0.1071379376914157,-34.20537422265467,138.17662835640965,3.794444444444444,16.0,,,
5601.287222290732,2973.25627687643,-0.0762765972047112,-34.243837973437806,138.21467124880166,3.794444444444444,16.0,,,
5377.347554930129,2978.63362443136,0.0312040288879193,-34.2866276356274,138.24157569646303,3.794444444444444,16.0,,,
4296.042221664322,2982.92966665303,-0.0005067980582036,-34.32521160839613,138.26808463308168,3.794444444444444,16.0,,,
4438.143706590906,2987.36781035963,-0.0182657683513871,-34.357343851170896,138.29068075197765,3.794444444444444,16.0,,,
4503.49538629097,2991.87130574591,0.0390707244633727,-34.39294649035064,138.31303535799768,3.794444444444444,16.0,,,
4377.6813184483635,2996.24898706436,0.0312521671845216,-34.425081093665796,138.33557263036766,3.794444444444444,16.0,,,
4947.45015225249,3001.19643721661,-0.0125329507819243,-34.45924154657693,138.36244828598834,3.794444444444444,16.0,,,
5809.120032185194,3007.00555724879,-0.0329476388776142,-34.49792010436903,138.40043576397667,3.794444444444444,16.0,,,
5595.952537045393,3012.60150978584,0.0245219615186848,-34.5362137628792,138.44215582306597,3.794444444444444,16.0,,,
5809.040187897823,3018.41054997374,-0.0365716277764791,-34.57304668056423,138.48468952732767,3.794444444444444,16.0,,,
5811.057364713337,3024.22160733846,0.057047241845873,-34.615038073728094,138.51964749126734,3.794444444444444,16.0,,,
5710.751459203202,3029.93235879767,0.0446279448076836,-34.648548368771166,138.555213746853,3.794444444444444,16.0,,,
5717.6603930711735,3035.65001919074,0.1216450346953794,-34.64514573837806,138.616966250908,3.794444444444444,16.0,,,
585.8227804922903,3036.23584197123,0.1128950160708717,-34.64017341216529,138.6505242503887,3.794444444444444,16.0,,,
