Unnamed: 0,StepDistance(m),CumulativeDistance(km),Slope (deg),WindSpeed(m/s),Winddirection(frmnorth)
299.5,9.047424823367626,2.691297470570655,-0.13928781010607716,3.7500100925925928,15.00266998332126
899.5,9.228001269261314,8.234408230143671,-0.0342005351231448,3.7944444444444443,134.99930939487123
1499.5,9.423362433085922,13.784796140257326,0.21570658164844014,3.7944444444444443,134.99833243350895
2099.5,9.26341390755004,19.350289013120488,0.01000491641567228,3.7944444444444443,134.9987313008251
2699.5,9.527018356978381,25.04477423323617,0.0952239293698246,3.7944444444444443,134.9967790698415
3299.5,9.58324270530394,30.7750051295103,-0.0655054858875114,3.7944444444444443,134.99716132499302
3899.5,9.760504940096173,36.56166447362041,-0.15587190293927514,3.7944444444444443,134.99596163226448
4499.5,9.818083504879471,42.436547830177645,0.2788769301764161,3.7944444444444443,134.99516736774697
5099.5,9.839122000985748,48.34001491541487,0.03720050154520452,3.7944444444444443,134.99516198582845
5699.5,9.886058329629313,54.25765849498893,-0.01812951332075933,3.7944444444444443,134.99509154596117
6299.5,9.69219729540833,60.139157768254734,-0.02061640705975713,3.7944444444444443,134.9955415277862
6899.5,9.811995122321035,65.99329708099664,0.03234015645649693,3.7944444444444443,134.99591512699033
7499.5,9.700409680891989,71.84922991084385,0.1427832254197377,3.7944444444444443,134.9954128396069
8099.5,9.862898941192501,77.71611198576745,0.2748716098427989,3.7944444444444443,134.99535326877438
8699.5,9.743403960399723,83.60980656595892,-0.40043247338153276,3.7944444444444443,134.99547214021428
9299.5,9.807556188380673,89.44948004410075,0.050138908782310684,3.7944444444444443,134.99537409508585
9899.5,9.817115481398181,95.34596507540286,0.11486256552480195,3.7944444444444443,134.9954875863958
10499.5,9.910688481899783,101.27421527921032,-0.18347971822702763,3.7944444444444443,134.99524731092512
11099.5,9.840806172422754,107.19404053349007,0.011645671298008444,3.7944444444444443,134.99504498255672
11699.5,9.610207370219543,113.01436189365008,-0.05862302790614842,3.7944444444444443,134.99521220152107
12299.5,9.868087936940144,118.86808218771574,0.06749415349150875,3.7944444444444443,134.99672617653277
12899.5,9.859179449161877,124.78971865426567,-0.0034855033786355158,3.7944444444444443,134.99685602173173
13499.5,9.74866661893203,130.68044798142404,0.1387943813561541,3.7944444444444443,134.9974136864608
14099.5,9.875225794592456,136.5489480524341,0.08618670491592074,3.7944444444444443,134.99521732062234
14699.5,9.8440707328639,142.475229435604,-0.059528936978848264,3.7944444444444443,134.9973547230265
15299.5,9.79907592947564,148.3718014027491,0.1738078244131422,3.7944444444444443,134.99701682600653
15899.5,9.797646537892245,154.263748429247,0.06283966150022667,3.7944444444444443,134.99592064138346
16499.5,9.852335168546173,160.13031062331828,0.6013693540923508,3.7944444444444443,134.99755240824717
17099.5,9.739954585375703,166.00432419564723,-0.3451783143765816,3.7944444444444443,134.9963038035615
17699.5,9.523704347882253,171.79485036568,0.5343085555816093,3.7944444444444443,134.99639838528063
18299.5,9.80149224008264,177.58938757327698,0.10874453372846936,3.7944444444444443,134.99818866449007
18899.5,9.766202035410927,183.46657035494374,0.28450652825178785,3.7944444444444443,134.99889039665698
19499.5,9.805997395185724,189.3360459411389,0.09100714106270322,3.7944444444444443,134.9970189955169
20099.5,9.780560584142135,195.22199232767497,-0.31717091313017004,3.7944444444444443,134.99916035684862
20699.5,9.816382286796063,201.09026025737106,-0.02487665850683389,3.7944444444444443,134.9996638510356
21299.5,9.893380769787523,206.99308166372958,0.08980106749552959,3.7944444444444443,134.9976044006937
21899.5,9.726611391409385,212.9028151068504,-0.07250093607842341,3.7944444444444443,134.9955911403611
22499.5,9.944133681162441,218.78485591216975,0.35075722423528466,3.7944444444444443,134.99639605451688
23099.5,9.524360409906864,224.63918886119916,-0.3769261191059658,3.7944444444444443,134.99770355923923
23699.5,9.77925451462558,230.39761912555375,-0.12052388409909348,3.7944444444444443,134.9962593116056
24299.5,9.902575689365753,236.31039341268252,-0.2955344149368037,3.7944444444444443,134.9972228509963
24899.5,9.864760862700258,242.25189797859434,0.02660560919524042,3.7944444444444443,134.9955910658775
25499.5,9.904010555378138,248.17819398963107,-0.17554459708090306,3.7944444444444443,134.9959612807623
26099.5,9.75387363419605,254.08161216797515,0.010056166279805918,3.7944444444444443,134.9960882592309
26699.5,9.668319270978172,259.90667200826454,0.0023983166126791094,3.7944444444444443,134.99570645040495
27299.5,9.841578989032168,265.7509902343995,-0.07103443045106103,3.7944444444444443,134.99616043793148
27899.5,9.75973110535403,271.6647701965461,-0.1350917344971757,3.7944444444444443,134.99620542975848
28499.5,9.888588785791393,277.5445969784203,0.46881421407537016,3.7944444444444443,134.995398675257
29099.5,9.803102845432319,283.4543149777785,0.03148267660662319,3.7944444444444443,134.9959517160584
29699.5,9.761608129188083,289.3149622372346,0.04376296937632363,3.7944444444444443,134.9955004069285
30299.5,9.550899667126703,295.12355388100286,-0.34086709499080875,3.7944444444444443,134.9959971610698
30899.5,9.746308401102077,300.9145036633811,0.004373033665876251,3.7944444444444443,134.99628952459477
31499.5,9.56381843181302,306.69682376140594,-0.17959383389283953,3.7944444444444443,134.9964065319277
32099.5,9.603721674374182,312.4824531185362,-0.09700783922876659,3.7944444444444443,134.99688562356616
32699.5,9.643959745480268,318.1953246781046,0.03818737220411908,3.7944444444444443,134.9970349626611
33299.5,9.88320433661417,324.0719218247195,0.146318258973805,3.7944444444444443,134.9970778277933
33899.5,9.825210205363042,330.005897091975,0.04892233328636955,3.7944444444444443,134.99713844401734
34499.5,9.819736933966492,335.89513822275956,0.1508167377403178,3.7944444444444443,134.99885191313928
35099.5,9.718620742996878,341.7314770682315,0.25254510379559697,3.7944444444444443,134.997993088126
35699.5,9.905514557700707,347.6212866363164,0.05752448374411384,3.7944444444444443,135.00247669627004
36299.5,9.933474746716982,353.58125138504164,0.16571108484113514,3.7944444444444443,134.9987107654009
36899.5,9.933881846485496,359.5438879092235,-0.16649130520250238,3.7944444444444443,134.99601417069888
37499.5,9.864899589935336,365.4680028540722,0.09304816453741771,3.7944444444444443,134.99673091881562
38099.5,9.798884764313527,371.4005561054671,0.06481205336420386,3.7944444444444443,134.99816791536966
38699.5,9.822738331953973,377.24880436814897,0.031116200539801516,3.7944444444444443,134.99784024472063
39299.5,9.928912038303011,383.1881045716106,-0.26954647836799006,3.7944444444444443,134.9974075709139
39899.5,9.891047770102398,389.14673726220184,-0.11389039728379895,3.7944444444444443,134.99769257677366
40499.5,9.821455309559553,395.0521810913349,-0.02083603349190854,3.7944444444444443,134.99749972852678
41099.5,9.852138676723422,400.96557090327696,0.05083786700496283,3.7944444444444443,134.9984427404727
41699.5,9.815589740866796,406.8499528167236,-0.10120526430427042,3.7944444444444443,134.99865789178273
42299.5,9.728517496850287,412.715987228305,-0.03969457294206779,3.7944444444444443,134.996767447176
42899.5,9.83002845738904,418.59373113797676,-0.026423395096623344,3.7944444444444443,134.9973305831476
43499.5,9.871012438103111,424.50653208788174,-0.0663139461546871,3.7944444444444443,134.99735770918514
44099.5,9.726963281611107,430.3452314309487,0.2301291414385491,3.7944444444444443,134.99732974972446
44699.5,9.874468341249885,436.2539492764382,-0.029480185237010983,3.7944444444444443,134.99661171757356
45299.5,9.875611046398577,442.1854084545434,-0.0390081917446004,3.7944444444444443,134.9968172870848
45899.5,9.79703386615558,448.08126294536993,-0.11377146137251425,3.7944444444444443,134.9964084758023
46499.5,9.920070504353548,453.9935381652624,0.2696209639129664,3.7944444444444443,134.9951084531236
47099.5,9.986709876353343,459.96930944753296,0.02749400138448513,3.7944444444444443,134.9950830527893
47699.5,9.917407402581718,465.9401131726063,0.046088194921900895,3.7944444444444443,134.99532698165876
48299.5,9.926131518898012,471.90276575339163,0.023056090179063425,3.7944444444444443,134.99518278064292
48899.5,9.971119075567591,477.86119732157636,-0.05378519342500232,3.7944444444444443,134.99520626408105
49499.5,9.939935177778494,483.8393480026331,0.0547139640607882,3.7944444444444443,134.99518425309242
50099.5,9.968538765147327,489.8118935280617,0.06274279951217093,3.7944444444444443,134.99534441640154
50699.5,9.97208567822279,495.7885885697567,0.020718968215680162,3.7944444444444443,134.9953023041964
51299.5,9.812441955768943,501.7486037119275,-0.027530092572193125,3.7944444444444443,134.99512189893179
51899.5,9.927520823258991,507.651807070446,-0.06565533419172542,3.7944444444444443,134.9951180271742
52499.5,9.964648222189902,513.6217436720584,0.007895553452418087,3.7944444444444443,134.99502082556694
53099.5,9.726033148588302,519.5438928858795,0.02003962528381475,3.7944444444444443,134.9949905487588
53699.5,9.89832513184714,525.4037649191397,0.025128101821381175,3.7944444444444443,134.9954534566338
54299.5,9.898433083252199,531.3490296162817,-0.02492528969645125,3.7944444444444443,134.99611336249623
54899.5,9.873389190643003,537.2785799839237,0.07058095327732392,3.7944444444444443,134.99613620585953
55499.5,9.834753394378,543.1926769981848,-0.03309885351849271,3.7944444444444443,134.9966508987143
56099.5,9.74105664982494,549.0530535026832,0.06757926702513291,3.7944444444444443,134.9966370277007
56699.5,9.86688140814363,554.9517344073679,-0.004673185935778002,3.7944444444444443,134.99529840198096
57299.5,9.630107819448659,560.7650017673217,0.008106254580205191,3.7944444444444443,134.99540190377482
57899.5,9.810929216915937,566.6233472509188,0.03028061965598694,3.7944444444444443,134.99544489520153
58499.5,9.894516073436412,572.5442655552117,0.05198047711841815,3.7944444444444443,134.99563052288772
59099.5,9.875900169772398,578.482264656797,0.015233510749510721,3.7944444444444443,134.9950405967078
59699.5,9.859115317123015,584.3983116769313,0.020511170152127788,3.7944444444444443,134.99609198710343
60299.5,9.927632902852167,590.3388124516711,0.06566100175345008,3.7944444444444443,134.9955541274191
60899.5,9.826769320816798,596.2594812227532,0.09679297539281823,3.7944444444444443,134.9950953479656
61499.5,9.930521653808972,602.186175120502,0.1535071119042557,3.7944444444444443,134.99502241270415
62099.5,9.892462453922054,608.1368908354134,0.1420740980169155,3.7944444444444443,134.99517927849755
62699.5,9.798888759331668,614.0361940945162,0.17670662514011948,3.7944444444444443,134.99593237976046
63299.5,9.98372935639317,619.9742340169364,0.04664194880893532,3.7944444444444443,134.99517361840662
63899.5,9.885816581677357,625.9286078762681,-0.05644920559050779,3.7944444444444443,134.99496789687288
64499.5,9.881449163949343,631.8616963839746,-0.18329504478211595,3.7944444444444443,134.9949957784275
65099.5,9.920926777266093,637.8141834251182,-0.17959173581664933,3.7944444444444443,134.99532824577298
65699.5,9.984422210097044,643.7752856374126,-0.03054154757094593,3.7944444444444443,134.99532452160386
66299.5,9.953495845411991,649.7638185477498,0.10324958851396934,3.7944444444444443,134.99531150877235
66899.5,9.962310516503416,655.7287762802329,-0.057979880694612476,3.7944444444444443,134.99517274180695
67499.5,9.906553384223473,661.7057844068767,0.16523959389108966,3.7944444444444443,134.9959468147445
68099.5,9.903836590632517,667.6292532596043,-0.10054585236549934,3.7944444444444443,134.99532596060914
68699.5,9.973455476244975,673.6012504522263,0.030421359117086974,3.7944444444444443,134.994965126422
69299.5,9.970535784793494,679.5786514454993,-0.024436889323897225,3.7944444444444443,134.9949737227313
69899.5,9.993082469415247,685.5716165204244,-0.09057586093587182,3.7944444444444443,134.99490487390202
70499.5,9.98033902539799,691.5618510757791,-0.0845884014877302,3.7944444444444443,134.99508520007768
71099.5,9.864121737732297,697.5446893203252,-0.05249889535721654,3.7944444444444443,134.99494338011493
71699.5,9.838709603373278,703.4275228911481,-0.09895426479089924,3.7944444444444443,134.99495875640199
72299.5,9.936600317075904,709.3578157842392,0.27086050358414815,3.7944444444444443,134.9949396216095
72899.5,9.833408599080038,715.3080260401996,-0.08323386736838788,3.7944444444444443,134.99494216823663
73499.5,9.923874898094526,721.2094112187615,0.13353740832040267,3.7944444444444443,134.9949195786214
74099.5,9.986645426351949,727.1915252802655,0.02231687517560251,3.7944444444444443,134.99533593297815
74699.5,9.992472226886171,733.1855023884599,-0.18496423890212574,3.7944444444444443,134.9952215946389
75299.5,9.768494106148387,739.1472688405205,-0.031392875505896554,3.7944444444444443,134.99496694638464
75899.5,9.76854789668016,744.9506126258158,0.0062023256253453535,3.7944444444444443,134.99529757711514
76499.5,9.948298201195326,750.8883162624106,0.24728219936753176,3.7944444444444443,134.99554085722338
77099.5,9.932672476368483,756.857793534866,0.0847332459978787,3.7944444444444443,134.99551230379424
77699.5,9.960910394727417,762.8212150447252,0.03200007933237413,3.7944444444444443,134.99552520135828
78299.5,9.897811320941777,768.7827570974023,-0.3396098581167718,3.7944444444444443,134.99689180809807
78899.5,9.964147922934991,774.7361337512405,0.07895600911886787,3.7944444444444443,134.99626721619012
79499.5,9.944882931942432,780.7174194578731,0.32685200257212543,3.7944444444444443,134.99520020523175
80099.5,9.934202823597587,786.679814966283,-0.14525594244253723,3.7944444444444443,134.99508093335552
80699.5,9.882439072480627,792.6283956335615,0.18789601357630992,3.7944444444444443,134.99507657376907
81299.5,9.96615045918134,798.5738906396169,0.03728529850347878,3.7944444444444443,134.9958231777521
81899.5,9.980129510696342,804.5554043123918,0.06597472184201783,3.7944444444444443,134.99508841571645
82499.5,9.94525753026892,810.5421275184706,0.07020356511885499,3.7944444444444443,134.99529233738303
83099.5,9.920501614101331,816.4925193064563,0.05485625066735699,3.7944444444444443,134.99507968307915
83699.5,9.849884366573844,822.4168530925142,-0.2572727466978217,3.7944444444444443,134.99502738352103
84299.5,9.943341989291813,828.3563035042508,0.009889598042849904,3.7944444444444443,134.99492967256975
84899.5,9.91316365766113,834.315852283904,-0.05407280689391865,3.7944444444444443,134.9949050345536
85499.5,9.698625763570169,840.1925786944474,0.4998400902465939,3.7944444444444443,134.9950469169219
86099.5,9.865889815110725,846.0887476774801,0.005704932803120334,3.7944444444444443,134.99508418299493
86699.5,9.540022213406012,851.9014745309438,0.10708536109412103,3.7944444444444443,134.99607678363887
87299.5,9.778120668092889,857.6774712695614,-0.27002827809659286,3.7944444444444443,134.9954095971802
87899.5,9.843739624746021,863.5896173199865,0.10472523144830743,3.7944444444444443,134.99569289378246
88499.5,9.936902228517756,869.5143546625862,-0.05643337714329557,3.7944444444444443,134.99619737282765
89099.5,9.979483329720546,875.487919339953,-0.027027069769466328,3.7944444444444443,134.9952037064482
89699.5,9.954691157792254,881.4663994497189,0.1621845525836816,3.7944444444444443,134.99582412863612
90299.5,9.85372565780992,887.4071991760229,-0.16424801571674175,3.7944444444444443,134.99583540957494
90899.5,9.816707359081665,893.3139503183841,-0.0580847106306899,3.7944444444444443,134.99568376946334
91499.5,9.914883404521094,899.2246874860282,-0.017174898283932684,3.7944444444444443,134.9954275131155
92099.5,9.940483240428355,905.1766890330803,0.2045454894233938,3.7944444444444443,134.99538919731148
92699.5,9.914232554514188,911.1400080129087,-0.3009873011247662,3.7944444444444443,134.99541416737424
93299.5,9.86419320849445,917.0803004191122,0.15827574478967088,3.7944444444444443,134.99593636627418
93899.5,9.963782086406223,923.0216048676235,-0.011321477430177801,3.7944444444444443,134.99539246057304
94499.5,9.857446797805112,928.9722520534089,0.2347362362694589,3.7944444444444443,134.99933550640634
95099.5,9.769200632884992,934.8625977548215,0.13133499646868219,3.7944444444444443,134.99870249897782
95699.5,9.774165284907845,940.714022642889,-0.37137455054436885,3.7944444444444443,135.00133856716045
96299.5,9.793477728562163,946.585160935634,0.08275592355806119,3.7944444444444443,135.00044533690897
96899.5,9.696514919220089,952.4483332207471,0.13088638769391708,3.7944444444444443,134.9954713723434
97499.5,9.786416882144147,958.2773234192833,-0.1968502590760024,3.7944444444444443,134.99573957385226
98099.5,9.892021201865383,964.1832405940979,0.08775280226914163,3.7944444444444443,134.99633113697953
98699.5,9.88256827699776,970.1211830407827,0.04516774289130039,3.7944444444444443,134.99576505468042
99299.5,9.940851309053999,976.0753738847809,-0.163235880458234,3.7944444444444443,134.99539990243372
99899.5,9.962841111807723,982.039945375352,0.12295344749533249,3.7944444444444443,134.99575623082418
100499.5,9.957052962194577,988.0178001955544,0.14765058917136165,3.7944444444444443,134.9954593333607
101099.5,9.814791138840395,993.9387722190078,0.07905591731216337,3.7944444444444443,134.99509167132075
101699.5,9.965850398271497,999.8846114295538,0.13565797944893063,3.7944444444444443,134.9951081482296
102299.5,9.834541980460179,1005.8380557727264,-0.014122845685333885,3.7944444444444443,134.99509479895727
102899.5,9.75674268638663,1011.6963948347078,0.3568281308378103,3.7944444444444443,134.99497646886508
103499.5,9.579677691866939,1017.513029172611,-0.29363798536273955,3.7944444444444443,134.99496990049695
104099.5,9.750881648964995,1023.2903358557364,-0.10393582070194719,3.7944444444444443,134.99502700938194
104699.5,9.861316701581085,1029.186720783265,-0.14702346556251633,3.7944444444444443,134.99512481031582
105299.5,9.981986719957375,1035.1320446543098,0.013909354585625675,3.7944444444444443,134.99495015507165
105899.5,9.99309576878699,1041.1283497128306,0.051974115991503214,3.7944444444444443,134.996225689437
106499.5,9.9576309886404,1047.109307235932,0.11529571156503766,3.7944444444444443,134.99533246026775
107099.5,9.884276647678192,1053.07898595912,0.016217493161015024,3.7944444444444443,134.9955801169181
107699.5,9.878990614961738,1058.9999011657708,0.1042793045585319,3.7944444444444443,134.99553306348207
108299.5,9.886634341737555,1064.911235649443,0.1188288632787547,3.7944444444444443,134.995192235097
108899.5,9.944393849247678,1070.869011804738,0.1228378451521737,3.7944444444444443,134.9948810742713
109499.5,9.973952761252473,1076.8543229043828,-0.0932190172987101,3.7944444444444443,134.99488900585513
110099.5,9.95303771778661,1082.830729095721,-0.11974095401475672,3.7944444444444443,134.99491566657534
110699.5,9.923470480196924,1088.8029646954587,-0.09341065686357188,3.7944444444444443,134.99503383183176
111299.5,9.925209513430053,1094.75269560133,0.04461879580819971,3.7944444444444443,134.9951971044513
111899.5,9.965471502155996,1100.7104845601868,-0.024030134531631456,3.7944444444444443,134.99518457224275
112499.5,9.934571052461836,1106.6830980914058,0.11276349697368919,3.7944444444444443,134.99501510391565
113099.5,9.796221090147807,1112.6223673977265,0.18088114966719585,3.7944444444444443,134.99489491823005
113699.5,9.752800011120353,1118.469932692214,0.28648261364887856,3.7944444444444443,134.9949279297194
114299.5,9.583724536717911,1124.2623623330205,-0.33788219181168894,3.7944444444444443,134.99496617357917
114899.5,9.761461377742675,1130.0935808494878,-0.1811788692485196,3.7944444444444443,134.99502946246218
115499.5,9.910074513030052,1135.9642150002358,-0.04461554631086529,3.7944444444444443,134.99493813994997
116099.5,9.926742814528405,1141.9291049848623,0.030199053426807468,3.7944444444444443,134.99498689564288
116699.5,9.794298666276173,1147.8345046045774,-0.012073313157497425,3.7944444444444443,134.99529291360778
117299.5,9.930003317429058,1153.7607588855437,0.03632071248114623,3.7944444444444443,134.99575133291253
117899.5,9.999916885223724,1159.735658580092,0.09898003180073836,3.7944444444444443,134.99643657723811
118499.5,9.99647177170656,1165.7350902216401,0.07990496261059972,3.7944444444444443,134.99606941335057
119099.5,9.921421906855631,1171.6963925826324,0.07399090331118413,3.7944444444444443,134.99523718286895
119699.5,9.979802613975984,1177.679349333995,0.07866200631246684,3.7944444444444443,134.9950211010874
120299.5,9.993876658265872,1183.6717559859926,0.09532771251226135,3.7944444444444443,134.99515898153575
120899.5,9.983027214487212,1189.665311256545,0.09057874631608577,3.7944444444444443,134.99504686130177
121499.5,9.965260383037725,1195.6555469794312,0.09093226840687131,3.7944444444444443,134.99505386824595
122099.5,9.869712008603745,1201.5962542235254,0.07244338396157113,3.7944444444444443,134.9950245160768
122699.5,9.994079632089882,1207.5595981508156,0.0881308622568859,3.7944444444444443,134.99513821735715
123299.5,9.896380892617195,1213.5187992370993,0.06266420407973357,3.7944444444444443,134.99504944068832
123899.5,9.970874329448753,1219.4897909671151,0.1024524484183787,3.7944444444444443,134.9950367169681
124499.5,9.957497599818959,1225.4746964347905,0.31126874160194834,3.7944444444444443,134.99504584387935
125099.5,9.952772821787308,1231.4270764511064,-0.0001795740794614647,3.7944444444444443,134.995029100217
125699.5,9.927616136130208,1237.415103612233,0.1115938107138128,3.7944444444444443,134.99544490320463
126299.5,9.539924071570335,1243.221469683006,0.16841567859335405,3.7944444444444443,134.9965111565078
126899.5,9.752739725587311,1249.011012483526,0.04670333751847515,3.7944444444444443,134.99648851529076
127499.5,9.757991962515776,1254.8728991598043,-0.192229677269847,3.7944444444444443,134.99621039672326
128099.5,9.868395954856387,1260.7880802110776,0.22539480382904514,3.7944444444444443,134.99622291733667
128699.5,9.928315241886288,1266.7018726497306,-0.3747973851944991,3.7944444444444443,134.995767699567
129299.5,9.83354436527634,1272.637815515301,-0.10214949059533229,3.7944444444444443,134.99517508746496
129899.5,9.879236442325166,1278.574598174231,-0.012902702063127078,3.7944444444444443,134.9958941815134
130499.5,9.856598776258092,1284.4834973596103,0.03900317767121867,3.7944444444444443,134.99846591019733
131099.5,9.992988478014453,1290.4274712149006,0.07682117427498207,3.7944444444444443,134.9970736133606
131699.5,9.95044099009517,1296.4161200526423,0.10065306502803074,3.7944444444444443,134.99729053029614
132299.5,9.958145343431402,1302.3815431911771,0.06098654551970017,3.7944444444444443,134.995809625486
132899.5,9.95684788822034,1308.3563998426312,0.08750406939004804,3.7944444444444443,134.99503715989266
133499.5,9.892173247818478,1314.305216658243,0.08961065099073982,3.7944444444444443,134.99655130983172
134099.5,9.871761233727005,1320.2152876647153,0.10653659331339395,3.7944444444444443,134.99695174368344
134699.5,9.903667230049331,1326.196677239099,0.06498851204962884,3.7944444444444443,134.9954380056351
135299.5,9.75572619689866,1332.0944662376073,0.10140202483571152,3.7944444444444443,134.9961298404109
135899.5,9.85084712816564,1337.9283933755366,0.12322076987465025,3.7944444444444443,134.99646127410116
136499.5,9.932178055950077,1343.8853858613438,0.0807952305049942,3.7944444444444443,134.9967467891787
137099.5,9.951901074219618,1349.8542264967803,0.12061210939360073,3.7944444444444443,134.9967315985151
137699.5,9.988547269032322,1355.8371761304709,0.08595530137475751,3.7944444444444443,134.9957948077872
138299.5,9.990552553497118,1361.830571723519,0.10184773509257897,3.7944444444444443,134.99520308061773
138899.5,9.97677809642264,1367.8179171794982,0.06245345186589334,3.7944444444444443,134.99564895597726
139499.5,9.925852350135353,1373.8023128779469,0.17499989707766886,3.7944444444444443,134.995812962805
140099.5,9.957560969522016,1379.7565960535353,0.1418252524712618,3.7944444444444443,134.99513709226827
140699.5,9.943786346279865,1385.7322012976597,0.013392830256151057,3.7944444444444443,134.99495665102205
141299.5,9.914688890907156,1391.6809678830884,0.13580122184200355,3.7944444444444443,134.99511206536974
141899.5,9.978241281362552,1397.652070857896,-0.02227285707484303,3.7944444444444443,134.99518158162587
142499.5,9.985481750811244,1403.6424608065417,-0.10914095561711422,3.7944444444444443,134.99518982047425
143099.5,9.876624912111549,1409.622691970223,0.11489920516824464,3.7944444444444443,134.99520065860952
143699.5,9.961823107911929,1415.5455431805558,-0.003384804306239936,3.7944444444444443,134.9952334307865
144299.5,9.993058812464051,1421.538840802557,-0.1364057876556018,3.7944444444444443,134.99498702827103
144899.5,9.79188053701424,1427.527566434539,-0.07828533900174006,3.7944444444444443,134.9951174218618
145499.5,9.948563596427029,1433.3893303077655,0.07450373550451882,3.7944444444444443,134.99518290825412
146099.5,9.98088804743233,1439.3727025298847,0.13709191376142274,3.7944444444444443,134.9952445612123
146699.5,9.979861023049542,1445.3623259509357,0.10516521944728963,3.7944444444444443,134.99522767112313
147299.5,9.9363842819343,1451.346413400466,0.07874706827812536,3.7944444444444443,134.99526286406817
147899.5,9.952895245438501,1457.30527090479,0.167548998408493,3.7944444444444443,134.99607297082392
148499.5,9.96816442688508,1463.281139329269,0.07679187791184797,3.7944444444444443,134.99596168625362
149099.5,9.747012491818058,1469.1699984697868,0.042406609516512525,3.7944444444444443,134.99596963749784
149699.5,9.860526823498091,1475.0686670225912,-0.05091814998453257,3.7944444444444443,134.99628114907398
150299.5,9.9580168033815,1481.0206103511343,0.13652233064306282,3.7944444444444443,134.9959895343774
150899.5,9.974928724211551,1487.0050488660054,-0.020926095440681882,3.7944444444444443,134.9959813739593
151499.5,9.962243036696965,1492.991317489492,-0.019978914927807033,3.7944444444444443,134.9959998496672
152099.5,9.916931144290135,1498.939708523662,0.1633382809419013,3.7944444444444443,134.99604230683963
152699.5,9.84869325937656,1504.8929285968868,-0.11759320466418413,3.7944444444444443,134.99599487643968
153299.5,9.819685158479187,1510.7777163017056,-0.466852840228265,3.7944444444444443,134.99585440303673
153899.5,9.469231188771248,1516.5660966169532,-0.32667688427248487,3.7944444444444443,134.9952345571627
154499.5,9.084163746707084,1522.149464666888,-0.5462324823999091,3.7944444444444443,134.99513844642496
155099.5,8.633247158097305,1527.4854962696495,-0.1717813628846988,3.7944444444444443,134.9950815248798
155699.5,9.424935558660971,1532.837112910787,-0.1408763437149459,3.7944444444444443,134.99510618858025
156299.5,9.51947419366945,1538.5409766599616,-0.06075189912152532,3.7944444444444443,134.99520931668891
156899.5,9.884930220290439,1544.3633183964964,0.061741183456156715,3.7944444444444443,134.99514401616764
157499.5,9.946796982227541,1550.3164301186953,0.19570244178913193,3.7944444444444443,134.99533390961216
158099.5,9.95631764922394,1556.2828317443539,0.2934677623777506,3.7944444444444443,134.99561750080773
158699.5,9.915728578032594,1562.250757146129,0.06143518760476875,3.7944444444444443,134.99607842222593
159299.5,9.843570251331384,1568.1860518773947,-0.20900603241789034,3.7944444444444443,134.99687184143292
159899.5,9.955247381360794,1574.1210799439739,0.03669759138264496,3.7944444444444443,134.99684137917376
160499.5,9.895438209937659,1580.0736235345876,0.07479656296880252,3.7944444444444443,134.9959033135759
161099.5,9.951820583209035,1586.0184310907598,-0.26769175365817044,3.7944444444444443,134.99673058677456
161699.5,9.83065060186654,1591.9618893344934,-0.03075189468536245,3.7944444444444443,134.99625462394758
162299.5,9.891055534846275,1597.8917270496668,-0.31391861105184554,3.7944444444444443,134.99601217897387
162899.5,9.742585675320274,1603.7865634004045,-0.21173029417319808,3.7944444444444443,134.99612505377584
163499.5,9.66896055615779,1609.5818953720009,-0.006637768162427694,3.7944444444444443,134.99634969840133
164099.5,9.66422147087582,1615.428041014927,-0.3482455867165706,3.7944444444444443,134.9966366113924
164699.5,9.684377741437807,1621.18667854215,0.03851496427048112,3.7944444444444443,134.99582963120181
165299.5,9.942733936334237,1627.079438233299,-0.17753110777718198,3.7944444444444443,134.99656584559966
165899.5,9.885532113347981,1633.0469726329075,-0.1921892249095127,3.7944444444444443,134.9964241262739
166499.5,9.819679887518035,1638.9388234079368,-0.04551298689195638,3.7944444444444443,134.9964717567814
167099.5,9.550434379828781,1644.7421749158132,-0.13966093164635265,3.7944444444444443,134.9954694216359
167699.5,9.55375559316921,1650.491732928385,-0.012549436728354157,3.7944444444444443,134.99646217900013
168299.5,9.742091060752925,1656.2440692359846,0.05213985864065873,3.7944444444444443,134.9957042823862
168899.5,9.833256693064508,1662.1568327475497,0.2009747006608776,3.7944444444444443,134.99602520708137
169499.5,9.81565354431071,1668.0465049366276,-0.3090043881466802,3.7944444444444443,134.9974061421581
170099.5,9.495822736270398,1673.8347533333415,-0.07686517724295464,3.7944444444444443,134.9962497073877
170699.5,9.834596908030496,1679.6403196427664,0.12908375519757398,3.7944444444444443,134.9959630254025
171299.5,9.885237116994656,1685.5460779463838,-0.0695020434641,3.7944444444444443,134.9972834510729
171899.5,9.91603667734764,1691.4894262991047,-0.05555163478364133,3.7944444444444443,134.9970788556942
172499.5,9.87013190915868,1697.4134948809879,-0.013131511276476191,3.7944444444444443,134.99658249774032
173099.5,9.99438157969729,1703.387802727594,0.2474895293646966,3.7944444444444443,134.99576474036218
173699.5,9.905016016517644,1709.3639444405785,0.09420703007582305,3.7944444444444443,134.99565517369643
174299.5,9.896846703813189,1715.2982648669179,0.06471194328291857,3.7944444444444443,134.99541046356157
174899.5,9.897482336997008,1721.2251419864965,-0.3358643661726499,3.7944444444444443,134.99560246705548
175499.5,9.710448541320272,1727.1241154280715,-0.10010126619647801,3.7944444444444443,134.9959750553318
176099.5,9.905391816297243,1733.0102858825485,-0.07745973959213734,3.7944444444444443,134.9952176150508
176699.5,9.890766933398183,1738.9481440463308,0.06572458943513695,3.7944444444444443,134.99512863956855
177299.5,9.858648191973105,1744.875693988772,0.15078485929521673,3.7944444444444443,134.9949709665134
177899.5,9.855247010109402,1750.7860901749068,0.12117281850921705,3.7944444444444443,134.9951148424762
178499.5,9.892657839632259,1756.703899710287,0.13902697080242274,3.7944444444444443,134.9948793170397
179099.5,9.889284570879093,1762.6339459518595,-0.008682790153571322,3.7944444444444443,134.9949323337669
179699.5,9.828292724653936,1768.550747660799,0.19218993515221744,3.7944444444444443,134.99514260068858
180299.5,9.84574780262808,1774.4606460820178,0.15350564393276148,3.7944444444444443,134.9950934904796
180899.5,9.920850874195388,1780.38704732396,0.08464338768504011,3.7944444444444443,134.99527495270866
181499.5,9.958884343091711,1786.3496172080243,0.07984346675547888,3.7944444444444443,134.99513104180576
182099.5,9.835927167076221,1792.300297685498,0.3065579255545942,3.7944444444444443,134.99516425209913
182699.5,9.637231084361462,1798.162185068033,-0.2670978586527891,3.7944444444444443,134.99506133591134
183299.5,9.765875690959579,1803.9505008463418,-0.03108061778540854,3.7944444444444443,134.9952439300835
183899.5,9.854572282567124,1809.8230059825735,0.1498882122081739,3.7944444444444443,134.99523602373506
184499.5,9.845347503025392,1815.732852623379,0.10590895867711954,3.7944444444444443,134.99515137022752
185099.5,9.68679031616492,1821.5938855028405,-0.10152460801871505,3.7944444444444443,134.99516885104597
185699.5,9.830757323103793,1827.43682404188,-0.15155817803900595,3.7944444444444443,134.99503546395525
186299.5,9.800176151102738,1833.3549453661567,-0.169170929593863,3.7944444444444443,134.99552179925965
186899.5,9.986460033115986,1839.290906090811,-0.15128075905446697,3.7944444444444443,134.9956253875432
187499.5,9.937621010007295,1845.2698345361762,-0.09198254603176179,3.7944444444444443,134.99549180135804
188099.5,9.849258093467277,1851.186442030009,-0.15136473651609006,3.7944444444444443,134.995247333157
188699.5,9.780026427396288,1857.1064292349965,-0.1340616262379068,3.7944444444444443,134.99582367640642
189299.5,9.76308040930053,1862.9674879370796,-0.07088009662599216,3.7944444444444443,134.99604814650354
189899.5,9.973849269447268,1868.8780707782828,-0.12895475518100794,3.7944444444444443,134.99542507079352
190499.5,9.847604542387542,1874.8123703095073,0.10005111276187617,3.7944444444444443,134.99602934215503
191099.5,9.941478358813299,1880.765438103374,0.005870031375054732,3.7944444444444443,134.995418920182
191699.5,9.712748866097085,1886.6724959337346,-0.04017607349530915,3.7944444444444443,134.9950488534479
192299.5,9.80150447299672,1892.5048849058214,-0.1929294994372458,3.7944444444444443,134.99511943845857
192899.5,9.760795568208623,1898.3833829417347,-0.040489839187862,3.7944444444444443,134.99489403919134
193499.5,9.885043468147664,1904.2697984864742,-0.009958760888045067,3.7944444444444443,134.9949875111098
194099.5,9.816107095399087,1910.1697356707548,-0.04507033216660792,3.7944444444444443,134.99507591571302
194699.5,9.688100200649693,1916.0669446625952,0.22510425397163208,3.7944444444444443,134.99542564304605
195299.5,9.783317867316006,1921.880054673621,-0.07667139222577854,3.7944444444444443,134.99606004862704
195899.5,9.643395785016525,1927.7180550858036,-0.14131758449038506,3.7944444444444443,134.99510631044993
196499.5,9.57581910233772,1933.4986355028484,-0.09758799359514797,3.7944444444444443,134.9951956683603
197099.5,9.785017537279263,1939.2501661413473,-0.1604478657320053,3.7944444444444443,134.9949517375292
197699.5,9.944292275183937,1945.1954492516954,0.14293977194927016,3.7944444444444443,134.99532102530472
198299.5,9.741672233012341,1951.1146413148492,-0.061357524791315295,3.7944444444444443,134.99569214370015
198899.5,9.707752569277815,1956.950045832349,-0.11164771311040753,3.7944444444444443,134.99540135945975
199499.5,9.675748313854255,1962.7518989623911,-0.21620916320490266,3.7944444444444443,134.99541983303396
200099.5,9.689710592003575,1968.572265965752,-0.03525786331069067,3.7944444444444443,134.9952543486283
200699.5,9.7003380340449,1974.3682579552965,-0.15258034265161227,3.7944444444444443,134.9951617512822
201299.5,9.680671410171648,1980.187653560533,0.0015797397750253871,3.7944444444444443,134.99696851205437
201899.5,9.915609798710443,1986.0657883651,-0.10870386448962127,3.7944444444444443,134.99531044239453
202499.5,9.79046714159019,1991.9840612027526,-0.15499382134024575,3.7944444444444443,134.9954254285783
203099.5,9.64489904519794,1997.8244347249527,-0.09555160454870897,3.7944444444444443,134.9969156972599
203699.5,9.889674440025216,2003.6645824106783,0.13815142739752825,3.7944444444444443,134.9955873719493
204299.5,9.858632394191108,2009.591956236246,-0.08185151761514167,3.7944444444444443,134.99551544271392
204899.5,9.966558254868215,2015.5394758692294,0.006916363393616273,3.7944444444444443,134.99637686701905
205499.5,9.796424118351018,2021.4790192620626,0.005846392076542082,3.7944444444444443,134.99620762456115
206099.5,9.92557338937044,2027.392307196304,0.10175854285068897,3.7944444444444443,134.99553473148492
206699.5,9.691895094626785,2033.287173971313,0.11785407442327485,3.7944444444444443,134.9960750915965
207299.5,9.725082920628916,2039.095288598647,0.01305941854851783,3.7944444444444443,134.99631874258696
207899.5,9.652975576790986,2044.924883940958,-0.20373902169899752,3.7944444444444443,134.9962430725083
208499.5,9.902350018510448,2050.770306487844,-0.06287224073293109,3.7944444444444443,134.99563675955147
209099.5,9.846824638785645,2056.7107382987215,-0.051226338660266074,3.7944444444444443,134.9960439454935
209699.5,9.903614744863457,2062.622330604087,-0.04791886912028944,3.7944444444444443,134.99612610969146
210299.5,9.640033965996023,2068.504072487461,-0.03254178318596557,3.7944444444444443,134.99620538189183
210899.5,9.718856312271152,2074.294082552145,0.04381592878807812,3.7944444444444443,134.99604537060247
211499.5,9.560279476380911,2080.0717134144866,0.01646583296857925,3.7944444444444443,134.99574609376597
212099.5,9.66276156159129,2085.835425540881,-0.106059262813782,3.7944444444444443,134.9961033482772
212699.5,9.74036311049296,2091.6711493277016,-0.023002100489512237,3.7944444444444443,134.9967558000676
213299.5,9.79605493255368,2097.5410722239117,0.07408499913383519,3.7944444444444443,134.99620107821193
213899.5,9.890596316343705,2103.4402269302254,0.038456130969698556,3.7944444444444443,134.99614991460814
214499.5,9.833219468424817,2109.3662138776663,-0.10466810599223522,3.7944444444444443,134.99607096312857
215099.5,9.782136588956977,2115.2582412214156,0.029124467920475013,3.7944444444444443,134.99536004540101
215699.5,9.51619303781055,2121.067438053604,-0.10158884800902722,3.7944444444444443,134.99528003116285
216299.5,9.543474309752082,2126.7198852304678,0.03130030082802301,3.7944444444444443,134.99574947046784
216899.5,9.706988245448112,2132.499957618681,0.174482599117622,3.7944444444444443,134.99589069092062
217499.5,9.604782768090407,2138.3166920045724,-0.09400793683453544,3.7944444444444443,134.99549261962494
218099.5,9.582840571744383,2144.069048641177,-0.03880012457242034,3.7944444444444443,134.99533814158536
218699.5,9.574904744648753,2149.8329735411166,0.07648432326062247,3.7944444444444443,134.99600875087876
219299.5,9.485996295667114,2155.5185502773,-0.07186027744719378,3.7944444444444443,134.99526689115922
219899.5,9.558564847069343,2161.2213139639216,-0.18481062877156956,3.7944444444444443,134.99534627764984
220499.5,9.682967926308365,2167.02847544385,0.05552114889830359,3.7944444444444443,134.99529864162722
221099.5,9.713619640106565,2172.8400915469956,-0.2137608722139651,3.7944444444444443,134.99506428138517
221699.5,9.584514880868419,2178.633409345106,0.0022073780791208855,3.7944444444444443,134.9952963103939
222299.5,9.631499552791642,2184.4073884537747,-0.1327095122546619,3.7944444444444443,134.9952305476629
222899.5,9.753281441476041,2190.209417904714,0.09247578851162785,3.7944444444444443,134.99576652238912
223499.5,9.802401162434009,2196.0719735586595,-0.09705058447179081,3.7944444444444443,134.99571401650778
224099.5,9.643504339950166,2201.9003191300076,0.02120598426439661,3.7944444444444443,134.9960850968556
224699.5,9.456573679312623,2207.6463982249256,0.026937122905087905,3.7944444444444443,134.99642519884517
225299.5,8.801589478399029,2213.0956092275947,-0.027403751432928784,3.7944444444444443,134.99629630527272
225899.5,9.680154967061153,2218.6360735635576,-0.15964810408447805,3.7944444444444443,134.99725402368537
226499.5,9.68780899998148,2224.486273307423,-0.0031867406680879634,3.7944444444444443,134.99781881837367
227099.5,9.712118794955284,2230.3090650202857,0.16571811143612514,3.7944444444444443,134.99818554560073
227699.5,9.724097188621323,2236.1285244553605,-0.02692965532714649,3.7944444444444443,134.99619135846717
228299.5,9.545370285706115,2241.906843499818,-0.15873570468393247,3.7944444444444443,134.9964230111272
228899.5,9.883139973248358,2247.7354537444576,0.09262405112687512,3.7944444444444443,134.99596513854596
229499.5,9.941761600339568,2253.680747898255,-0.21720685269864765,3.7944444444444443,134.99678097439912
230099.5,9.791980684778174,2259.6113430992405,0.07320639307768724,3.7944444444444443,134.99707092376462
230699.5,9.77827633872202,2265.4621916350957,0.0005426053076078612,3.7944444444444443,134.9962288453519
231299.5,9.783747045157673,2271.3516352328656,-0.030307744030451816,3.7944444444444443,134.99592695440305
231899.5,9.797616439188683,2277.216360427414,-0.10308847551168664,3.7944444444444443,134.99557635099646
232499.5,9.767416474018894,2283.0986865582295,0.00975009335273656,3.7944444444444443,134.99713709434258
233099.5,9.75299878754907,2288.9279198847667,0.14216762208144212,3.7944444444444443,135.00076258564974
233699.5,9.718146996101213,2294.8248169592466,0.263898268247652,3.7944444444444443,134.9976190945576
234299.5,9.78288001161296,2300.6231537812764,0.07545134420907572,3.7944444444444443,134.99698283797483
234899.5,9.80822596996352,2306.51372637793,-0.2322628896642776,3.7944444444444443,134.99765801226724
235499.5,9.800024750572215,2312.384570265082,-0.1891674509494172,3.7944444444444443,134.99594927598605
236099.5,9.584711919832925,2318.2354917939256,-0.13025796738655523,3.7944444444444443,134.99594954659577
236699.5,9.743576227654607,2323.988880980064,0.00577341856072624,3.7944444444444443,134.99577414981232
237299.5,9.742856793396944,2329.8514787077384,-0.01937931764211625,3.7944444444444443,134.9950718945236
237899.5,9.790056791585162,2335.7023531464556,-0.06300945006597203,3.7944444444444443,134.99508699482394
238499.5,9.716217051265414,2341.5638870486555,0.06413213377127958,3.7944444444444443,134.9953306521153
239099.5,9.946532059094281,2347.466167668792,0.0010601217762001328,3.7944444444444443,134.9954632541689
239699.5,9.980314982269745,2353.446594779136,0.07655384182010685,3.7944444444444443,134.9952844483139
240299.5,9.556581622286041,2359.3226037422305,0.047213936397999846,3.7944444444444443,134.99563236658818
240899.5,9.79618378322955,2365.124958110833,-0.028532594333093807,3.7944444444444443,134.99598958194596
241499.5,9.846401458763324,2370.9978080916953,-0.12956422050718325,3.7944444444444443,134.99613372876232
242099.5,9.804856454559495,2376.889581980057,0.06739121615307814,3.7944444444444443,134.9965222462449
242699.5,9.71978799759922,2382.7861612352945,-0.0816709797669636,3.7944444444444443,134.9952075481376
243299.5,9.658927260844727,2388.5586991456103,-0.07007725638647,3.7944444444444443,134.99525263774547
243899.5,9.859779980352219,2394.4139417980455,-0.04802288965919138,3.7944444444444443,134.9951856240756
244499.5,9.810406269849887,2400.335093779779,-0.10413965792760906,3.7944444444444443,134.99537078848806
245099.5,9.76918110505044,2406.209610443934,-0.06064211860229866,3.7944444444444443,134.9956602322666
245699.5,9.65537578376986,2412.035429917111,-0.06153075418206716,3.7944444444444443,134.9956752167541
246299.5,9.695935377999012,2417.837150692449,0.14554716142461036,3.7944444444444443,134.99530661181063
246899.5,9.753335473092818,2423.666645758464,0.07705245634240283,3.7944444444444443,134.9955740515241
247499.5,9.666334410788332,2429.5129055110388,-0.06405609021899762,3.7944444444444443,134.99504391653392
248099.5,9.72322461349124,2435.321794228103,-0.1919756448239365,3.7944444444444443,134.99492319930016
248699.5,9.538128803110443,2441.0806710497895,0.1275104048654598,3.7944444444444443,134.99514059890373
249299.5,9.600321015890565,2446.8529727648756,-0.08664539472378367,3.7944444444444443,134.99662132418175
249899.5,9.660549415088973,2452.621648980293,-0.04894523590589403,3.7944444444444443,134.99603577935355
250499.5,9.637291698897663,2458.3965092248586,0.033227129350924964,3.7944444444444443,134.995336123593
251099.5,9.62650371153825,2464.1743805539713,0.07868810683565584,3.7944444444444443,134.99590878919176
251699.5,9.612062410498186,2469.9612867297533,0.12802744189307774,3.7944444444444443,134.99576974229134
252299.5,9.676424632274713,2475.748704591884,0.24596393478964018,3.7944444444444443,134.99562299025956
252899.5,9.579271264797724,2481.4971650885636,-0.2553135851926755,3.7944444444444443,134.99499822093682
253499.5,9.492358515109421,2487.2227204639016,-0.028989180055055002,3.7944444444444443,134.99550056575572
254099.5,9.716959628506485,2493.0027687363313,0.13865800786977214,3.7944444444444443,134.9954537955492
254699.5,9.837558907512417,2498.8892751972917,-0.03293972093701166,3.7944444444444443,134.9955868562385
255299.5,9.74856211962413,2504.759764698883,-0.054557276014194224,3.7944444444444443,134.99622863258696
255899.5,9.765952739752178,2510.5925769591327,-0.045141356815116725,3.7944444444444443,134.99688377815346
256499.5,9.838635995875592,2516.4748254435167,-0.08672285329023312,3.7944444444444443,134.9959642094375
257099.5,9.639957257679805,2522.3164117481433,-0.21242806182444765,3.7944444444444443,134.99594229788457
257699.5,9.78699224341897,2528.1522709983074,-0.0905489303422883,3.7944444444444443,134.99616206271824
258299.5,9.783760717265547,2534.0119663657374,-0.06404510591473155,3.7944444444444443,134.99665477083727
258899.5,9.41582958767792,2539.7590866817295,0.05600794919701998,3.7944444444444443,134.99851516081694
259499.5,9.587836344848174,2545.509486990236,-0.19922344990555602,3.7944444444444443,134.99745606739017
260099.5,9.570034574012709,2551.219454534067,0.3495095996797258,3.7944444444444443,134.99649165019966
260699.5,9.50893898388996,2556.9479378683964,0.7407601829838814,3.7944444444444443,134.9959144626602
261299.5,9.791889764392746,2562.743029312531,-0.03879110199969044,3.7944444444444443,134.9966392250989
261899.5,9.813505324563241,2568.612304039027,-0.0644106361938842,3.7944444444444443,134.9963749392683
262499.5,9.660391116575475,2574.459347572303,0.007438753259756267,3.7944444444444443,134.99720423651462
263099.5,9.590883351647577,2580.2335712247345,-0.15913009290941424,3.7944444444444443,134.99748531832498
263699.5,9.803181116531322,2586.0467549960586,0.03060374001935055,3.7944444444444443,134.99868155290724
264299.5,9.691549166585819,2591.912965458917,0.14207113761793194,3.7944444444444443,134.9983714585937
264899.5,9.779159963086162,2597.719706453488,-0.5937240171991708,3.7944444444444443,134.99813350796146
265499.5,9.724494878401716,2603.616797383445,-0.5451311213434537,3.7944444444444443,134.9992535316741
266099.5,9.646762555662082,2609.4264617623567,0.13978576191932507,3.7944444444444443,134.99875840025453
266699.5,9.685967813093063,2615.2067504867614,0.21809110864871759,3.7944444444444443,134.9998671028985
267299.5,9.70470811166911,2621.0432125520415,0.3656490416022427,3.7944444444444443,134.99830345488482
267899.5,9.56361788212551,2626.7947752871883,0.1349085229281358,3.7944444444444443,134.99763825961756
268499.5,9.890551731220626,2632.6381251308057,-0.42940355753375686,3.7944444444444443,134.99943226351908
269099.5,9.753644922533097,2638.53494556774,-0.24242457637566475,3.7944444444444443,135.00035034319518
269699.5,9.445914581921864,2644.290581704741,-0.21264490041831385,3.7944444444444443,134.9980710779182
270299.5,9.565820119372429,2649.9718202646222,0.15339576059309723,3.7944444444444443,135.00032745737298
270899.5,9.868182502916213,2655.8447378453184,0.1448034654651888,3.7944444444444443,134.99820007273746
271499.5,9.917929191013782,2661.765685368494,-0.05021169489378723,3.7944444444444443,135.00030242024525
272099.5,9.941828639642122,2667.7228405730025,-0.08721724653007816,3.7944444444444443,135.00140869852436
272699.5,9.916942027707256,2673.6908501773974,0.08113958643173409,3.7944444444444443,134.99976422790274
273299.5,9.852125721089903,2679.586660803347,0.32585325630751366,3.7944444444444443,134.9970129083485
273899.5,9.96097834545765,2685.551242722848,-0.0222562508136007,3.7944444444444443,134.99593359922594
274499.5,9.822367607597775,2691.4869641032374,-0.4389661688942336,3.7944444444444443,134.9961869276743
275099.5,9.964311532927663,2697.4339316220994,-0.28532521060006766,3.7944444444444443,134.99767166943442
275699.5,9.718114521097684,2703.288285505339,0.0227071574246786,3.7944444444444443,134.99738026432317
276299.5,9.937500068366184,2709.2336030171264,-0.03078271066139193,3.7944444444444443,134.99684342545248
276899.5,9.90041242441603,2715.1810940430064,-0.02180435871519846,3.7944444444444443,134.9973154598896
277499.5,9.870448213206515,2721.0984418409184,-0.024014156748412688,3.7944444444444443,134.9964367278246
278099.5,9.8555104198888,2727.017824779573,-0.055410684464823404,3.7944444444444443,134.99619330062433
278699.5,9.759256055191887,2732.8925999762287,0.06843384060517978,3.7944444444444443,134.99539019260655
279299.5,9.839422120465196,2738.8046565721984,-0.3286006622521157,3.7944444444444443,134.99519117438706
279899.5,9.599641604269792,2744.6161976944118,-0.03279684891147344,3.7944444444444443,134.99697261462316
280499.5,9.36115090189622,2750.3500459120987,0.01709121392506822,3.7944444444444443,134.99718358351572
281099.5,9.304513722947128,2755.8863907666637,0.014079824308431051,3.7944444444444443,134.99626040578275
281699.5,9.654448688695627,2761.6123699247096,0.10517511976570021,3.7944444444444443,134.9961520437006
282299.5,9.864935935953897,2767.4546359040655,0.06895923636832813,3.7944444444444443,134.995445041452
282899.5,9.632403002676943,2773.3370939711017,0.05134026213751043,3.7944444444444443,134.99542098872763
283499.5,9.748206208639129,2779.136694041974,0.2102440529644881,3.7944444444444443,134.99558395674504
284099.5,9.562247031236003,2784.9028752635486,-0.5052124573137129,3.7944444444444443,134.99556992051328
284699.5,9.7332606801578,2790.701001297579,0.30563638459732234,3.7944444444444443,134.9955105385229
285299.5,9.60419034592905,2796.502493857919,0.17336756712146448,3.7944444444444443,134.99521877280912
285899.5,9.877748592605332,2802.329673532055,-0.3223318340487029,3.7944444444444443,134.99510465304306
286499.5,9.975443306242301,2808.3051388423637,-0.029678974333600713,3.7944444444444443,134.99607952200495
287099.5,9.530586396741475,2814.1964758255276,-0.09594328650444578,3.7944444444444443,134.99606544459618
287699.5,9.47209975659606,2819.830862615098,-0.05787420977397494,3.7944444444444443,134.99612329814656
288299.5,9.51549698339358,2825.524337499731,-0.009275574844134287,3.7944444444444443,134.99549230663658
288899.5,9.458153163228364,2831.230639214587,0.11333535397558457,3.7944444444444443,134.9953391936609
289499.5,9.521678364636964,2836.9483423438087,-0.11812214621857424,3.7944444444444443,134.99634549989176
290099.5,9.47789728194482,2842.574391636787,0.3273923493656372,3.7944444444444443,134.9964543554821
290699.5,9.650357463864077,2848.3687127265353,0.6028611582871332,3.7944444444444443,134.9971384744137
291299.5,9.643535687441561,2854.1552626742687,0.44676788302296283,3.7944444444444443,134.99698926892268
291899.5,9.628185882125429,2859.945070575126,-0.5133017185709838,3.7944444444444443,134.99765203526806
292499.5,9.782188051520425,2865.786141399022,-0.27598904761560805,3.7944444444444443,134.99737750083216
293099.5,9.774061233454724,2871.6433539006935,0.04547907542168177,3.7944444444444443,134.99608680093297
293699.5,9.830917096602255,2877.5111542699133,0.10223188441284264,3.7944444444444443,134.99578378842537
294299.5,9.694257778672187,2883.379364658609,0.09026339631659756,3.7944444444444443,134.99570500683112
294899.5,9.824766643218528,2889.2157411206294,0.2512427840229634,3.7944444444444443,134.99552763679264
295499.5,9.807831674746206,2895.113338961064,0.051635234861616204,3.7944444444444443,134.99543454363095
296099.5,9.78399821944863,2901.003567048823,0.1837486857507963,3.7944444444444443,134.99564000018646
296699.5,9.85804412339702,2906.907176562677,-0.1127799062131239,3.7944444444444443,134.99565807203683
297299.5,9.450932493777383,2912.7125490193316,-0.2833629006003971,3.7944444444444443,134.99494242758234
297899.5,9.673531344790849,2918.409139659204,-0.11787502966630958,3.7944444444444443,134.99491698229104
298499.5,9.684031084043012,2924.231103461129,-0.0331475284588461,3.7944444444444443,134.99640851068375
299099.5,9.517033867754055,2929.9958562749484,0.08981783046315808,3.7944444444444443,134.99603305315625
299699.5,9.737199519354455,2935.784774419158,0.24861993192757487,3.7944444444444443,134.99594903072185
300299.5,9.688691521005502,2941.592606014757,-0.4781032153913809,3.7944444444444443,134.99605236104156
300899.5,9.869155231601622,2947.463290338155,-0.5452131457533996,3.7944444444444443,134.9955790576635
301499.5,9.952634979259852,2953.406207742363,-0.014772885953490956,3.7944444444444443,134.99650642972566
302099.5,9.405858478733935,2959.279010266961,-0.0666094079053055,3.7944444444444443,134.99620592909812
302699.5,9.372077796128725,2964.8648139117795,0.10999554657025264,3.7944444444444443,134.99628192236992
303299.5,9.335478703817884,2970.51026360777,-0.07166921697296402,3.7944444444444443,134.9959993755807
303899.5,8.962245924883554,2975.9538961744997,0.03103673748008582,3.7944444444444443,134.9952669584175
304499.5,7.160070369440532,2980.9720545014147,0.010726929386898103,3.7944444444444443,134.99537518736525
305099.5,7.396906177651508,2985.2268222724833,-0.020263036028170107,3.7944444444444443,134.99549854792187
305699.5,7.505825643818283,2989.726924877497,0.03521132798155204,3.7944444444444443,134.99566969722517
306299.5,7.296135530747276,2993.921042265077,0.03687214914039128,3.7944444444444443,134.996093984822
306899.5,8.24575025375415,2998.558917825608,-0.014331872730193472,3.7944444444444443,134.99513810891577
307499.5,9.68186672030866,3004.105180705838,-0.03294928129884256,3.7944444444444443,134.99518323431542
308099.5,9.32658756174232,3009.836812813892,0.02339372456390795,3.7944444444444443,134.9953733408396
308699.5,9.681733646496374,3015.4900183604004,-0.037018144752433986,3.7944444444444443,134.99506302141708
309299.5,9.685095607855564,3021.292838843641,0.05682323245663461,3.7944444444444443,134.9957531158344
309899.5,9.517919098672001,3027.0332224155677,0.041296772986557574,3.7944444444444443,134.9955651156889
310499.5,9.52943398845196,3032.820918966603,0.12210838444635463,3.7944444444444443,134.99565184533546
310830.5,9.448754524069198,3035.945665064612,0.10423559812728361,3.794444444444444,134.99587440905205
